frame_nmr,car_id,car_bbox,license_plate_bbox,license_plate_bbox_score,license_number,license_number_score
0,3.0,[752.2139282226562 1369.3121337890625 1429.306396484375 1984.0484619140625],[974.4611206054688 1768.669921875 1194.239990234375 1853.04638671875],0.5941417813301086,NA13NPU,0.22466477610606242
0,5.0,[2195.68017578125 1157.049072265625 2786.025390625 1736.6319580078125],[2422.919677734375 1559.484375 2572.29931640625 1633.60107421875],0.5582150220870972,NW51TSU,0.34835388576939946
1,3.0,[750.7361611137771 1374.2024759570897 1425.7283942006075 1991.5582482831967],[968.8494873046875 1773.3828125 1190.5455322265625 1856.1435546875],0.5973535776138306,NA13MRU,0.1796108949872436
3,5.0,[2196.2372782832813 1175.8811493041585 2788.1997702847334 1758.253081550407],[2416.69921875 1575.0118408203125 2582.260009765625 1651.5557861328125],0.543750524520874,ML51VSU,0.2579993349721314
4,5.0,[2190.989072050784 1176.1740909848154 2790.6104984748094 1763.8227498365113],[2418.57861328125 1576.758544921875 2581.12353515625 1650.700927734375],0.5871025323867798,NW51VSU,0.0652516225701482
5,3.0,[734.6443230181643 1397.6586203308293 1430.6789298601607 2030.8299012542266],[959.1536865234375 1807.6962890625 1186.7244873046875 1890.242431640625],0.5812435746192932,NA13NRU,0.29784929814692995
6,3.0,[728.0337575031097 1403.83480633411 1424.2459646774284 2040.4387440817568],[963.2340087890625 1818.9375 1165.388671875 1895.47119140625],0.5127829313278198,NA13NRU,0.26756586482367
8,3.0,[719.3434197221318 1413.5827939792998 1421.7870360577076 2058.188679931256],[959.7381591796875 1834.604736328125 1172.9027099609375 1907.7052001953125],0.5481569766998291,NA13NRU,0.41548948676147524
9,3.0,[710.608346164253 1419.0849493837231 1416.7056690959453 2066.5472349821644],[949.8286743164062 1836.8865966796875 1165.2093505859375 1923.15380859375],0.5784957408905029,NA13NRU,0.4208678175530638
10,3.0,[701.9183941441956 1423.5520287318166 1410.7906346373393 2073.1104536733965],[954.945556640625 1844.7322998046875 1127.0511474609375 1920.8807373046875],0.548496663570404,NA13NRI,0.1181439720657159
12,3.0,[693.6689187063696 1439.99922087655 1407.0168642439041 2092.1357205653876],[956.0769653320312 1869.71044921875 1144.6048583984375 1942.86474609375],0.5311470627784729,NA13NRU,0.26103234234787714
13,3.0,[691.5624778117378 1442.5360908699076 1406.7009578627637 2097.0175813748174],[951.2486572265625 1871.0086669921875 1147.3441162109375 1946.7901611328125],0.5429808497428894,NA13NRU,0.4039326432486834
14,3.0,[688.0376136360874 1449.704772056472 1402.958979369665 2104.74416339259],[956.4891357421875 1887.15234375 1141.365234375 1957.388671875],0.5519900918006897,MA13NRU,0.2015757318150289
15,5.0,[2199.2585301818663 1221.2814107649913 2821.1414735785247 1828.029113937613],[2429.974365234375 1644.195556640625 2594.7978515625 1715.5810546875],0.6082530617713928,NV51VSU,0.49353319377422245
15,3.0,[683.2487488055276 1458.2164735531394 1400.7607942534582 2112.3877397516294],[935.26904296875 1886.6661376953125 1157.4598388671875 1973.6943359375],0.5674313306808472,NA13NRU,0.2933693812874687
16,5.0,[2200.06399442003 1225.680458770577 2822.847504728721 1833.4892359096257],[2427.88330078125 1646.6348876953125 2596.5703125 1722.9656982421875],0.621796190738678,MW51VSU,0.13766908827110502
17,3.0,[674.2133998037159 1470.438295734535 1397.2895691068695 2125.7361144064816],[915.65185546875 1897.03125 1145.0054931640625 1981.3359375],0.541548490524292,NA13NRU,0.11387461881586017
18,3.0,[671.2372520464119 1482.4173998780932 1393.947252906437 2136.6763561549533],[915.6857299804688 1915.630126953125 1140.7706298828125 1994.087158203125],0.550531804561615,NA13NRU,0.6375034809057147
19,3.0,[669.5854546115619 1491.0206933424429 1394.0743691189946 2143.5322410779486],[930.9837036132812 1917.9039306640625 1129.318603515625 1998.5142822265625],0.5483497381210327,NA13NRU,0.5583406658823518
20,3.0,[666.3378608851226 1496.8748745007006 1392.744689803254 2148.6518331313628],[930.364013671875 1930.319091796875 1141.0096435546875 2011.096435546875],0.5850465297698975,NA13NRU,0.2224265665214912
21,3.0,[660.3425120382024 1506.1709346340085 1388.3615755873732 2153.3481530219824],[901.8092651367188 1934.5224609375 1130.6690673828125 2025.267333984375],0.5996658205986023,NA13NRU,0.4155178436938272
21,5.0,[2204.643473664717 1252.4664107735002 2842.488283112585 1872.0854250397242],[2435.95751953125 1681.16064453125 2615.798583984375 1758.306640625],0.586431622505188,CD51VSU,0.1715260170064919
23,3.0,[652.4759620372145 1515.6715072408074 1383.469881110879 2156.154376269189],[911.3798217773438 1958.1300048828125 1134.6864013671875 2038.95458984375],0.5714389681816101,NA13MRU,0.8409988583600126
24,5.0,[2208.2419945735896 1266.4767150765879 2855.289401815115 1894.0031230895293],[2447.6611328125 1698.626953125 2616.55615234375 1777.4029541015625],0.5596683621406555,MT51VSU,0.3126153684263244
25,5.0,[2208.0177960637843 1266.872760223231 2858.5489975323676 1898.762905329472],[2447.617431640625 1704.8221435546875 2623.445068359375 1788.8748779296875],0.6151807308197021,MT51VSU,0.1408639970743979
25,3.0,[648.2378877116668 1525.916712742447 1380.4295981077776 2156.275051636594],[893.6976928710938 1976.90087890625 1129.59423828125 2056.74365234375],0.6016313433647156,NA13MRU,0.2975571454975227
26,3.0,[645.1773119022273 1533.234984585047 1380.250316110515 2157.465351387762],[897.741943359375 1983.123779296875 1127.5048828125 2067.99609375],0.5902883410453796,NA13NRU,0.2162859068209492
28,3.0,[639.9583885678433 1546.5656596141173 1378.9820637660796 2156.873077250839],[896.212646484375 2003.135009765625 1128.19482421875 2082.476806640625],0.572606086730957,NA13MRU,0.32119236657935274
29,5.0,[2208.7001138856176 1278.6589216618463 2864.639476837716 1928.2745242870396],[2449.91015625 1736.9183349609375 2627.87548828125 1810.5384521484375],0.6182131171226501,HV51VSU,0.1163010164341414
35,5.0,[2217.917959393465 1315.3028505081277 2875.3459328066747 1976.5231378814112],[2455.05322265625 1774.811279296875 2641.426025390625 1855.01806640625],0.5993062257766724,IJ51ISU,0.032113722126488164
43,5.0,[2221.1178697760147 1369.7065863149578 2899.373534734055 2045.8264001556972],[2464.131103515625 1831.2242431640625 2658.96630859375 1914.2728271484375],0.6186820864677429,LE51NSU,0.025409922315317832
45,6.0,[1125.021164984444 1153.0220123150739 1706.800096097984 1615.162752596636],[1343.89501953125 1437.6763916015625 1477.252197265625 1512.3284912109375],0.5431205034255981,GY15OGJ,0.2081932154338151
46,6.0,[1121.8966336549538 1157.6019675361067 1705.5814664099817 1621.049001763226],[1337.8385009765625 1443.268798828125 1481.4525146484375 1515.7840576171875],0.5499179363250732,GY15OCJ,0.22547865455460014
48,6.0,[1118.8241179778304 1164.41238835971 1707.819544372949 1631.931524332928],[1339.333984375 1456.543212890625 1480.451904296875 1519.34765625],0.5436299443244934,GY15OGJ,0.3542966692995928
49,6.0,[1115.2632478008263 1167.894880703207 1705.2933616411497 1636.5150741593093],[1339.0850830078125 1457.7880859375 1483.961669921875 1525.133544921875],0.5819889903068542,GX15OCJ,0.25356124491428644
50,6.0,[1115.435392160805 1171.1425716232966 1711.2535838910949 1643.0076240435278],[1346.1207275390625 1465.211181640625 1484.2972412109375 1537.923828125],0.5207390785217285,GX15OGJ,0.4965015045729265
52,5.0,[2233.9035726464417 1411.6496432624563 2941.721267912638 2110.778893316396],[2483.81005859375 1899.3797607421875 2683.0478515625 1984.0968017578125],0.6249836683273315,HV51VSU,0.37743771019539724
55,6.0,[1100.210150340364 1186.8037548844995 1704.9648912885375 1672.1158107694164],[1321.01953125 1488.7215576171875 1471.896240234375 1558.1448974609375],0.5454742908477783,GX15OGJ,0.2682487035646191
58,5.0,[2237.3237449777694 1453.820920013749 2954.1009297979213 2148.517867590938],[2495.93408203125 1948.0982666015625 2696.98095703125 2041.2169189453125],0.6402009725570679,MT51VSU,0.2618918865290466
59,5.0,[2241.611336282865 1458.0154758724314 2957.1738404237362 2149.449228660017],[2501.07958984375 1963.75244140625 2700.190673828125 2050.11376953125],0.5949718952178955,WT51VSU,0.12262553693462788
62,5.0,[2245.8675469784566 1475.9850265991847 2958.4438154121453 2151.835680336201],[2508.080078125 1982.7015380859375 2714.0634765625 2074.182373046875],0.6487957239151001,MT51VSU,0.4013395135302686
64,5.0,[2252.969528322957 1491.1633593023957 2962.9483438279162 2150.222959143539],[2510.244384765625 2001.128173828125 2720.490966796875 2089.055419921875],0.6796735525131226,MT51VSU,0.10742198225384506
67,6.0,[1071.1097594296032 1239.6919194948932 1694.1163773497176 1728.9709866365938],[1296.408447265625 1543.5234375 1472.521484375 1612.837646484375],0.5017345547676086,GX15OGJ,0.10327586924007244
69,6.0,[1069.167648107626 1250.861072861271 1695.0567762090582 1744.3349047526674],[1294.0421142578125 1553.5755615234375 1469.171875 1632.0303955078125],0.5513625741004944,GX15OGJ,0.2556948428814599
72,5.0,[2271.262505422428 1543.1962732006607 2992.2550584338605 2155.39850573866],[2537.570068359375 2077.09228515625 2743.906494140625 2155.13916015625],0.6067808270454407,MT51VSU,0.7033531584585698
72,6.0,[1053.9169370245718 1263.3545880773509 1686.884871882491 1762.6433611418192],[1285.930419921875 1577.1221923828125 1452.8065185546875 1647.4661865234375],0.5150945782661438,GX15OGJ,0.2502974380666353
75,6.0,[1049.2421068850222 1277.4355173083557 1682.254164813682 1779.5236230238845],[1289.3614501953125 1600.740966796875 1439.14208984375 1665.671630859375],0.5367803573608398,GX15OGJ,0.3936827344807822
76,6.0,[1046.2796275479554 1279.0588250096555 1685.6387087150642 1782.6676761881783],[1278.4967041015625 1599.03515625 1448.9268798828125 1670.969970703125],0.5763678550720215,GX15OGJ,0.35238716568518197
77,6.0,[1043.3259624263515 1282.2461122218579 1687.0488812027825 1789.9151913559408],[1280.242431640625 1602.3004150390625 1437.7935791015625 1680.5120849609375],0.6118959784507751,CX15OGJ,0.18347960334683758
80,6.0,[1029.3994062313564 1297.034976580694 1682.8499679976835 1810.645376736628],[1263.6240234375 1626.2691650390625 1437.6932373046875 1699.4820556640625],0.5648788809776306,GX15OGJ,0.20795544611266198
82,6.0,[1017.2266078047057 1308.0690224008831 1678.7972729453352 1825.256072071625],[1259.18212890625 1629.5833740234375 1439.969482421875 1705.9991455078125],0.5492703914642334,GX15OGJ,0.3596797843192387
85,6.0,[1005.4641780768638 1328.0433527880662 1681.3863540784778 1853.5818826681345],[1257.9854736328125 1651.5076904296875 1428.01611328125 1730.6378173828125],0.6031016707420349,GX15OGJ,0.24028717602297384
90,6.0,[994.4153709718439 1348.5561536076789 1686.6831817181 1885.6024040438301],[1242.651611328125 1690.484619140625 1424.929443359375 1761.3592529296875],0.572917103767395,GX15OGJ,0.3122096783473421
93,6.0,[979.0731979911754 1366.1686248025756 1685.307085218339 1907.39514088204],[1235.311279296875 1709.03173828125 1403.1285400390625 1785.23583984375],0.553281307220459,GX15OGJ,0.40036935370502524
94,6.0,[976.5982146567544 1367.5754312685385 1686.8701482318247 1910.3287920237644],[1234.0906982421875 1714.7109375 1396.0489501953125 1792.029052734375],0.5692922472953796,GX15OGJ,0.38795699742844075
95,6.0,[971.5248473147125 1371.8433978477942 1684.3359193107913 1919.0182162399715],[1230.1673583984375 1726.51171875 1408.2103271484375 1803.2080078125],0.6087559461593628,GX15OGJ,0.3347077032868512
96,6.0,[969.2307809171916 1379.23547803394 1683.2806895572385 1929.070897310353],[1231.8172607421875 1732.638427734375 1391.0970458984375 1803.55224609375],0.5939146280288696,GX15OGJ,0.3205778534813996
99,6.0,[957.1100278141425 1399.151420235941 1679.4339055989767 1957.7362716187915],[1215.203369140625 1750.0155029296875 1406.7899169921875 1830.2779541015625],0.5943139791488647,GX15OGJ,0.527467828738692
102,6.0,[946.8543568447135 1418.1360263335882 1675.000199524858 1980.5133016036593],[1210.18994140625 1783.8160400390625 1379.177978515625 1852.8988037109375],0.5492659211158752,GY15OCJ,0.413794387410442
103,6.0,[946.1561366481324 1424.684670307532 1673.743988596524 1988.6862114199794],[1209.12158203125 1781.6524658203125 1386.225341796875 1856.6121826171875],0.615915060043335,GX15OGJ,0.20801721804702944
110,6.0,[927.6148882208017 1469.4652026783876 1664.046968712917 2047.766171728574],[1194.077392578125 1835.362060546875 1387.4686279296875 1911.812255859375],0.6381235122680664,GY15OGJ,0.2563499224604636
111,6.0,[925.9900803343868 1477.44036066089 1661.7875387797371 2057.2512507745096],[1184.48583984375 1843.5772705078125 1383.6474609375 1925.0592041015625],0.5813228487968445,GY15OGJ,0.7364840978277425
111,8.0,[1152.2817740863577 1057.931040019248 1624.994481094144 1470.0038971006843],[1316.9107666015625 1289.4947509765625 1463.1600341796875 1365.9083251953125],0.5364257097244263,KH35ZZK,0.22119012262910429
112,6.0,[924.587160551391 1483.0916385273558 1662.1378497627422 2064.0570854131925],[1189.6524658203125 1849.683837890625 1381.22900390625 1932.5438232421875],0.5908464789390564,GX15OCJ,0.33783896485757403
113,8.0,[1149.8793992993924 1061.0884588976576 1623.7981506213678 1475.7345261541202],[1312.05810546875 1296.147216796875 1462.01416015625 1363.96484375],0.5191560387611389,KH05ZIR,0.5289257565518296
115,1.0,[2053.897414224674 1140.2343646476143 2577.375992945093 1591.514343725431],[2235.607421875 1432.97021484375 2402.720458984375 1511.1434326171875],0.5025702118873596,AF05JEO,0.28438904257935443
119,8.0,[1144.860033014698 1075.830119738379 1621.6552408884947 1490.824499697183],[1309.7852783203125 1314.974853515625 1447.4307861328125 1388.107177734375],0.5659373998641968,KH05ZIK,0.4421669237596543
120,6.0,[883.1740950259322 1536.190506215919 1649.8299012607981 2123.615531522369],[1159.8787841796875 1921.31982421875 1346.87744140625 2001.30908203125],0.6507821679115295,GY15OCJ,0.3083981052953082
120,8.0,[1142.7358630094686 1079.6740079425413 1620.671983079263 1495.862137284731],[1305.5079345703125 1318.9134521484375 1447.802001953125 1392.52294921875],0.5418465733528137,KH05ZZF,0.06461822039851846
120,1.0,[2052.666254201016 1161.0215560483541 2586.899012552037 1620.1631974687991],[2238.767333984375 1447.447509765625 2409.957275390625 1528.1143798828125],0.508051872253418,AP05JEO,0.19327541436142798
121,6.0,[876.7923555851992 1542.7036397208885 1648.4437062567747 2130.756283957712],[1146.9539794921875 1924.0982666015625 1369.992919921875 2008.6439208984375],0.6491029262542725,GY15OGJ,0.17619534336810003
121,8.0,[1139.9937093711442 1081.5054489262295 1619.9780589623565 1498.1965129597304],[1303.0352783203125 1320.1766357421875 1439.59130859375 1394.487060546875],0.5269202589988708,KH05ZZI,0.30275230537159026
122,6.0,[872.7546257979714 1551.2472300577872 1647.4642354248392 2140.363443811005],[1144.8037109375 1930.8988037109375 1347.63916015625 2016.8148193359375],0.6092975735664368,GY15OCJ,0.49326405036239007
123,6.0,[868.0027311503152 1558.4851602259687 1646.1885504053078 2147.242942412041],[1137.106201171875 1938.6925048828125 1350.968994140625 2033.1895751953125],0.6595269441604614,GX15OGJ,0.31330447475013457
123,1.0,[2046.0626538762338 1172.1894599000495 2589.376127209083 1637.2240153228183],[2256.902587890625 1457.3675537109375 2418.605224609375 1537.1802978515625],0.5360107421875,AP05JEQ,0.10029006905715565
124,6.0,[865.0536169409747 1563.0951012960568 1645.1810832358524 2150.596695878312],[1142.525146484375 1953.60400390625 1336.6351318359375 2035.909912109375],0.6523033380508423,GY15OCJ,0.5291018780667797
125,6.0,[862.8778941239249 1570.1053073955554 1645.6338304974634 2153.7668572643056],[1138.956787109375 1964.9688720703125 1334.3314208984375 2048.402587890625],0.6058526635169983,GY15OGJ,0.4627468935086316
126,6.0,[857.1335950392299 1581.0037974679642 1644.851520671571 2156.9827442650612],[1130.6048583984375 1968.12451171875 1335.9854736328125 2064.699462890625],0.6053339838981628,GY15OGJ,0.6804033765606669
127,6.0,[851.6798691891584 1588.0273955989746 1642.7030859244499 2157.1203834929474],[1134.6470947265625 1979.164306640625 1335.6617431640625 2066.015625],0.5938190221786499,GY15OGJ,0.6009076130602646
129,6.0,[839.8143015182155 1601.5294657577933 1639.1262245601765 2155.447025613574],[1113.8675537109375 2004.0479736328125 1331.2413330078125 2092.1435546875],0.6539894938468933,GX15OGJ,0.3132711079186874
130,6.0,[834.3938260621535 1609.2395473615804 1638.789676125552 2155.572919674808],[1109.944091796875 2007.6767578125 1315.87548828125 2103.67822265625],0.675926148891449,GY15OGJ,0.37126953923619116
131,33.0,[2244.261329417399 1629.8109527145812 2983.376622096187 2151.6933949733098],[2519.6669921875 2001.747802734375 2717.1337890625 2099.766357421875],0.5248733758926392,LM13VCV,0.39331784979996387
132,33.0,[2244.486144193912 1637.2915989240985 2984.727705517428 2151.6226447835434],[2520.796142578125 2008.336669921875 2722.363037109375 2099.4140625],0.6119638085365295,LN13VCV,0.3208221091004859
132,6.0,[831.9824890598649 1624.0752785206143 1635.865994358067 2156.9141661674016],[1107.89990234375 2037.1175537109375 1329.6307373046875 2116.99462890625],0.5952221155166626,GX15OGJ,0.34294528332579327
132,1.0,[2045.4926217569339 1206.142712433726 2600.6970071519836 1680.9327389813598],[2255.54150390625 1500.513427734375 2435.87109375 1581.1728515625],0.5819823741912842,AP05JEO,0.28018223602183373
133,33.0,[2244.04137333874 1643.6137837102244 2985.3827156297352 2152.254901842517],[2524.517578125 2003.7139892578125 2720.7275390625 2102.76953125],0.6061592102050781,LH13VCV,0.322653866010009
133,1.0,[2045.1571453533018 1209.0979696015343 2603.5561407822815 1683.71390850755],[2260.173583984375 1500.0604248046875 2442.066162109375 1583.0145263671875],0.556158185005188,AP05JEO,0.262942322367314
133,8.0,[1112.5067804771352 1113.8287714104363 1616.7063141425738 1542.2207235397914],[1278.344970703125 1366.374755859375 1423.5972900390625 1441.62548828125],0.5471026301383972,KH05ZZK,0.44809596666593043
135,33.0,[2243.2023057582687 1660.4717786805256 2989.089856843442 2159.403925552816],[2506.605712890625 2034.636962890625 2736.864501953125 2139.0849609375],0.6528639793395996,LM13VCV,0.2998942815195916
135,6.0,[815.0230576243003 1647.15686006041 1619.9036347897986 2162.915164579255],[1092.54052734375 2069.230224609375 1301.638916015625 2146.54052734375],0.5922369956970215,GX15OGJ,0.2779601707501358
136,33.0,[2245.322157489828 1667.950328359005 2990.5725331848616 2162.2727755267756],[2517.6533203125 2045.1104736328125 2743.421875 2142.172119140625],0.6467825770378113,LM13VCV,0.16958640836702313
136,1.0,[2042.4177951168103 1218.4111025610964 2609.840447844641 1694.9925223493683],[2259.79248046875 1512.068115234375 2438.237548828125 1594.1495361328125],0.5278249979019165,AP05JEO,0.2777753708823778
137,33.0,[2248.6904681943806 1674.8518474430819 2995.3340302839633 2161.5741056879647],[2525.884765625 2060.745361328125 2744.246337890625 2149.078369140625],0.6449518203735352,LM13VCV,0.4319040694413016
137,1.0,[2042.1415828534969 1222.85898311196 2613.348349842436 1700.8096917114938],[2264.2587890625 1526.411865234375 2441.874755859375 1606.5714111328125],0.5440954566001892,AP05JEO,0.4173817941512924
138,33.0,[2250.864968276603 1682.6143150243806 2996.963694262458 2161.129264086282],[2529.919921875 2067.0908203125 2742.473876953125 2155.811279296875],0.6399788856506348,LM13VCV,0.3837096646299089
138,8.0,[1096.7167104246287 1127.0390533307684 1605.6355151007588 1564.9600698514093],[1258.8980712890625 1386.8541259765625 1419.7935791015625 1459.8948974609375],0.5475769639015198,KH05ZZK,0.11749571360568703
139,33.0,[2253.763649602317 1690.0529882159744 2998.5971408586647 2162.9491758299223],[2527.62451171875 2078.240966796875 2744.161376953125 2156.468017578125],0.5766173005104065,LM13VCV,0.4265627167819855
139,8.0,[1094.419571765532 1127.5441267270353 1605.293108764421 1567.7482098430273],[1259.6143798828125 1392.30078125 1415.54541015625 1465.5794677734375],0.5338404178619385,KH05ZZK,0.2555465781530015
139,1.0,[2048.66598268882 1231.382995715372 2620.3612761738887 1710.2109998213664],[2243.903564453125 1525.94384765625 2438.641357421875 1609.941650390625],0.5126624703407288,AP05JEO,0.39218576716011905
140,8.0,[1089.6873060377684 1129.2217300403604 1602.0346337794913 1572.4217102683829],[1261.946044921875 1397.7886962890625 1410.6474609375 1466.4620361328125],0.5134432315826416,KH05ZZK,0.49344833308542313
141,1.0,[2050.513173267768 1237.748130535595 2626.0924045519855 1724.1578653436868],[2257.6083984375 1550.3887939453125 2434.406982421875 1620.2508544921875],0.5012692213058472,AP05JEO,0.6321134739781414
142,1.0,[2050.692837642881 1239.8875707316038 2628.5335417688943 1729.6233987279757],[2254.66064453125 1542.740478515625 2440.1640625 1625.0665283203125],0.5663357973098755,AP05JEO,0.11736523687480618
146,8.0,[1072.0030663647444 1153.6124870580363 1586.8795715326487 1599.9476963730278],[1239.70166015625 1422.158935546875 1397.10498046875 1496.467529296875],0.5463468432426453,KI05ZZK,0.11498055090704133
147,1.0,[2048.5806602046246 1260.7089700073068 2640.213798518115 1764.1144644883495],[2267.4755859375 1575.205810546875 2454.59033203125 1661.720947265625],0.5980345010757446,AP05JEO,0.3437590844859579
147,8.0,[1068.2899059676752 1157.4785235549814 1584.4741029617926 1606.7895345929435],[1233.2216796875 1430.05322265625 1387.8988037109375 1506.1358642578125],0.5256757736206055,KM05ZZK,0.22441420956657268
148,1.0,[2045.948549296299 1264.0764186585557 2640.7766202804864 1769.3008538437448],[2274.809814453125 1574.0753173828125 2474.868896484375 1661.2020263671875],0.6054129004478455,AP05JEO,0.18668901783090117
148,8.0,[1063.101214781785 1160.2444374318532 1582.8294421271871 1611.000352339547],[1234.95458984375 1432.2410888671875 1385.5511474609375 1504.6776123046875],0.5096121430397034,KK05ZZK,0.3072939285917347
149,1.0,[2049.9194859737067 1268.4954137967015 2646.968957216514 1776.5866428325598],[2274.6953125 1585.3355712890625 2477.85595703125 1666.43994140625],0.577380359172821,AP05JEO,0.5189073808572103
150,8.0,[1060.6391140393257 1166.933479396379 1582.7659841215254 1621.1141009428866],[1230.1392822265625 1442.0928955078125 1390.3818359375 1511.1683349609375],0.5163863897323608,KH15ZZK,0.3328887976917493
151,1.0,[2055.9585564525387 1275.843794732561 2660.4094754495545 1789.7300799229383],[2271.162841796875 1594.682373046875 2475.1533203125 1679.156982421875],0.5526548624038696,AP05JEO,0.248166463471127
152,1.0,[2050.532764111968 1280.300787015498 2658.104396738851 1794.1546061421168],[2270.37744140625 1597.121337890625 2472.602783203125 1682.90771484375],0.5923231244087219,AP05JEO,0.5699883379196938
153,8.0,[1050.826609107 1176.259043503451 1579.3448250608549 1631.6778931616238],[1223.61083984375 1453.7625732421875 1388.816650390625 1521.0626220703125],0.5147107839584351,KH05ZZK,0.1746324646389374
156,1.0,[2053.362511252271 1300.8115356742928 2673.314575367003 1820.067443988251],[2288.5341796875 1622.640380859375 2477.110107421875 1703.568603515625],0.5528539419174194,AP05JEO,0.41669928326711714
156,8.0,[1044.1265709028007 1183.0912213966785 1573.9496347160607 1644.8895314537758],[1227.708251953125 1463.21240234375 1383.6009521484375 1538.2200927734375],0.5375983715057373,KH05ZZK,0.15812587582278448
157,1.0,[2046.9271580713664 1302.550739088951 2668.560231282261 1823.0892365350342],[2284.31103515625 1623.4853515625 2485.8115234375 1705.176025390625],0.5771523118019104,AP05JEO,0.35191201805801514
158,1.0,[2047.184048867742 1306.4887194491403 2669.516130105085 1827.779410114134],[2287.12060546875 1630.1759033203125 2486.24853515625 1708.2725830078125],0.574883759021759,AP05JEQ,0.5804182869785456
158,8.0,[1034.7110506105755 1186.060608065386 1569.6525217931103 1652.89278127936],[1215.5333251953125 1477.9786376953125 1380.80322265625 1550.5631103515625],0.5139124989509583,KH05ZZK,0.7146659929742943
159,1.0,[2046.4274834155785 1310.9877956528771 2670.830166251001 1834.1112129542125],[2282.2802734375 1641.6552734375 2484.004638671875 1720.2313232421875],0.5899754166603088,AP05JEO,0.6267143455831602
159,8.0,[1035.4062269177145 1190.7249576902263 1570.3204867273837 1659.195125560616],[1212.99609375 1481.4559326171875 1380.4639892578125 1557.7713623046875],0.5650079846382141,KH05ZZK,0.5967949405378246
160,1.0,[2056.3975357443346 1314.8465757842841 2674.4170779157944 1838.4716903782992],[2295.31298828125 1641.7635498046875 2486.951171875 1722.9283447265625],0.6143625974655151,AP05JEO,0.24227224019507212
160,8.0,[1034.4776863532134 1194.0575683700124 1570.1492921249705 1664.0709114448366],[1214.3978271484375 1481.417724609375 1379.7919921875 1556.177490234375],0.5706087350845337,KH05ZTK,0.33894048767561374
161,1.0,[2055.262164686327 1319.6608021183197 2673.464846023532 1844.7398256862211],[2280.85986328125 1645.897705078125 2489.86962890625 1726.370361328125],0.5583222508430481,AP05JEO,0.4339538980914641
161,8.0,[1031.9118967268607 1199.850106837761 1568.9793679565103 1669.638218602835],[1212.11181640625 1488.3677978515625 1376.6309814453125 1558.7041015625],0.5434483885765076,KH05ZTV,0.2258009294124982
162,8.0,[1029.3807740626244 1201.0541375286998 1568.6532335085594 1672.837090723419],[1213.6614990234375 1494.6324462890625 1378.3736572265625 1566.3079833984375],0.5897911787033081,KH05ZTK,0.4695451811784649
162,1.0,[2051.931054594806 1325.098421322511 2674.598370962993 1853.3047676823985],[2300.08251953125 1649.477783203125 2484.159912109375 1730.819091796875],0.5380727648735046,AP05JEO,0.37119354945102473
163,8.0,[1024.9187881857847 1205.4145943768328 1568.057625988758 1676.5927731034456],[1214.66650390625 1498.4630126953125 1374.3260498046875 1564.3538818359375],0.5543676614761353,KH05ZTK,0.5937645069436179
163,1.0,[2055.1668732374615 1329.0024549379157 2678.6690760697425 1859.0216265702923],[2309.72265625 1660.836181640625 2481.526123046875 1736.0595703125],0.5092929601669312,AP05JEO,0.6853514834588126
164,1.0,[2060.7241062146604 1333.0149670546616 2683.0163462290957 1866.0054023652442],[2289.9814453125 1674.1817626953125 2485.89111328125 1749.7486572265625],0.5784105062484741,AP05JEO,0.32346307356189946
165,8.0,[1019.7808074381269 1218.8422834943526 1567.79445684571 1691.4709651849498],[1211.318603515625 1510.0330810546875 1370.7379150390625 1582.4813232421875],0.5511454343795776,KH05ZZK,0.5197778234556328
165,1.0,[2067.8726253585824 1338.0003866352977 2686.7573674304663 1874.8832608534117],[2286.585205078125 1678.2784423828125 2489.860107421875 1755.7943115234375],0.5310631394386292,AP05JEO,0.24664378524801736
166,1.0,[2066.1314953535857 1343.2371775622494 2684.278637958144 1881.647379639168],[2293.4306640625 1673.5067138671875 2494.568115234375 1757.7440185546875],0.5358542799949646,AP05JEO,0.3748208688524726
167,1.0,[2063.0581592475723 1349.3617302428581 2684.466291503129 1889.0980597533828],[2297.7802734375 1694.7412109375 2485.481689453125 1762.9827880859375],0.5232706069946289,AP05JEO,0.2873435744214072
170,8.0,[1008.2630653438795 1242.2297513585943 1563.3372176262892 1718.5613207324534],[1202.859619140625 1532.2130126953125 1365.7174072265625 1607.42724609375],0.5603968501091003,AN05ZZR,0.40249436307911834
173,1.0,[2080.8618178822053 1379.092344935642 2703.9490268660375 1923.114059658671],[2312.691162109375 1723.6622314453125 2522.9482421875 1808.3477783203125],0.5472742319107056,AP05JED,0.1384253153446403
174,1.0,[2085.503631067945 1385.9880333486126 2708.227224528282 1930.7468629120322],[2304.652099609375 1735.651611328125 2510.787109375 1813.9412841796875],0.560419499874115,AP05JED,0.12427836054189155
175,1.0,[2083.6190753132064 1392.8185045591886 2708.3474956275636 1937.9022836872418],[2307.899658203125 1739.0152587890625 2519.319091796875 1820.279296875],0.5904133319854736,AP05JEQ,0.06739971202496596
177,8.0,[997.5354258247596 1276.9432047448336 1557.2299036765164 1750.094194247934],[1183.1912841796875 1563.793212890625 1354.3282470703125 1643.029541015625],0.5722925066947937,KH05ZIK,0.7293905470399825
177,1.0,[2085.0778846656963 1406.6812212641094 2714.998015285312 1954.0365894312713],[2310.811767578125 1754.017578125 2514.64990234375 1835.4720458984375],0.514155387878418,AP05JEO,0.48061747145563294
178,8.0,[997.2309155295824 1279.3365509800478 1556.465873668274 1754.0623839411573],[1179.3187255859375 1574.0775146484375 1350.1107177734375 1648.5802001953125],0.5419207811355591,KH05ZIK,0.3059641221791329
178,1.0,[2087.7221035921707 1411.4462475251817 2721.3744388933605 1960.7132211667981],[2311.6455078125 1760.6451416015625 2523.233642578125 1838.4180908203125],0.53382408618927,AP05JEO,0.30579143975232
179,1.0,[2089.5580766227877 1416.142387634129 2728.3539287729272 1967.780857704701],[2313.450439453125 1764.838623046875 2531.06494140625 1851.43359375],0.6420320868492126,AP05JEO,0.3024849858010412
179,8.0,[993.4022582158406 1281.7184491445848 1553.7026786616434 1759.453729924395],[1177.874755859375 1580.4984130859375 1346.10986328125 1655.596923828125],0.5875198841094971,KN05ZZK,0.38614500857415585
180,8.0,[987.5294336406444 1285.0144677890876 1548.3527341793217 1767.8118317651174],[1172.17529296875 1588.475830078125 1351.7138671875 1656.52880859375],0.5717213153839111,KH05ZZN,0.2889498197408152
181,8.0,[985.6359209218065 1288.3662937810855 1546.9761889483354 1773.7221378906793],[1171.760009765625 1587.1627197265625 1350.69287109375 1662.4879150390625],0.616877019405365,KH05ZZK,0.1659618198592309
181,1.0,[2094.4613971032836 1426.6691765917712 2735.71406309425 1984.324325975222],[2326.151611328125 1777.025390625 2534.58349609375 1857.913330078125],0.5982139706611633,AP05JED,0.356773153341503
182,1.0,[2094.0139314904823 1429.2470037974067 2741.531646478604 1989.7838900596153],[2324.07958984375 1788.9100341796875 2532.102783203125 1860.9345703125],0.5975444912910461,AP05JED,0.25938518948744677
182,8.0,[984.313629380616 1295.8217925394038 1546.0477383031962 1782.5517032456496],[1168.87841796875 1597.1396484375 1346.5709228515625 1670.49462890625],0.5616446733474731,KK05ZZK,0.1797212113545625
183,8.0,[980.6803967959388 1301.9490823685876 1541.950308785904 1789.721316093511],[1172.8135986328125 1600.493408203125 1341.825439453125 1677.28857421875],0.5962972044944763,RH05ZZK,0.8731725263358918
183,1.0,[2090.060048077631 1433.9846143896125 2748.3318100361357 1995.9963059169263],[2322.61279296875 1796.94580078125 2522.719970703125 1871.876953125],0.5317931771278381,AP05JEO,0.4418553506519648
185,1.0,[2091.955868125854 1445.8044113492124 2758.915093164811 2009.7820017280578],[2328.05126953125 1812.834228515625 2541.11865234375 1891.352783203125],0.6253851652145386,AP05JEO,0.27679861897764735
186,8.0,[972.2132046519678 1312.4710345572992 1534.402207870597 1808.0278620908146],[1161.409423828125 1614.1019287109375 1340.4078369140625 1699.4539794921875],0.59698486328125,KH05ZZK,0.5218048263657232
186,1.0,[2092.36587215314 1452.8251842232528 2763.087821653524 2019.6676507645773],[2331.597900390625 1819.9449462890625 2534.553466796875 1892.5557861328125],0.5788573026657104,AP05JEO,0.16426630005730067
187,1.0,[2088.254410303579 1457.9483084456833 2762.2480150756473 2027.0565608776424],[2328.72314453125 1821.462646484375 2539.872314453125 1894.6546630859375],0.5739143490791321,AP05JEO,0.2628218896776341
188,1.0,[2092.557403439955 1466.2771679239681 2770.618476116447 2036.1548303628765],[2332.787109375 1834.9813232421875 2539.966796875 1911.90283203125],0.5415049195289612,AP05JEO,0.2605860783397338
189,8.0,[959.1585131339467 1328.5862312363295 1533.3377323474251 1830.2379673456896],[1157.4052734375 1640.4735107421875 1339.247314453125 1710.48095703125],0.5981922745704651,KH05ZZK,0.32068287200094
189,1.0,[2091.0995031692337 1474.7992584318438 2770.3093309134347 2045.6388873026178],[2342.815673828125 1834.56640625 2544.3017578125 1915.3536376953125],0.5761077404022217,AP05JEO,0.7247597615236782
190,8.0,[954.8614146718342 1333.8974957036412 1532.5683701804378 1836.756577424997],[1159.4405517578125 1638.984130859375 1338.692138671875 1716.472900390625],0.5898905992507935,KH05ZZK,0.24652751235032702
190,1.0,[2090.611168990373 1479.2190785324833 2774.3533176446026 2051.7369104885415],[2333.84716796875 1844.3939208984375 2536.66357421875 1920.22265625],0.5222535133361816,AP05JEO,0.43374582673023604
191,1.0,[2087.2142501148405 1487.6525376414443 2771.351687423716 2061.580057524501],[2338.998779296875 1850.8297119140625 2546.218505859375 1934.8428955078125],0.6325167417526245,AP05JEO,0.413714665907984
191,8.0,[951.9775564061451 1340.5885386967354 1532.2262874249827 1845.912202423707],[1155.774169921875 1646.9022216796875 1328.8780517578125 1725.8250732421875],0.6187825798988342,KH05ZZK,0.3762310725830202
192,1.0,[2087.7876822219514 1496.0388459027436 2774.566444858455 2071.4538095670305],[2341.88818359375 1861.9703369140625 2566.97900390625 1944.6787109375],0.6249051094055176,AP05JEO,0.25849642201132034
192,8.0,[945.4853632439717 1345.172071034604 1529.0275002345597 1850.719730099443],[1153.7039794921875 1652.1640625 1325.0965576171875 1730.468017578125],0.5980471968650818,KH05ZZK,0.24453884606316564
193,1.0,[2089.9414046801144 1501.6461306961671 2775.6835140638236 2078.403851213638],[2347.759033203125 1865.4471435546875 2569.720458984375 1948.95751953125],0.6027355194091797,AP05JEO,0.5896859300126753
194,8.0,[940.8507158923364 1352.9136160719622 1528.0102151042004 1860.5650408035976],[1134.275390625 1670.080078125 1324.75341796875 1741.634033203125],0.5593392252922058,KH05ZZK,0.3996903053032215
194,1.0,[2089.3048179629272 1506.1423745727402 2778.46201169007 2084.666901866851],[2349.172119140625 1879.7369384765625 2551.7958984375 1953.90234375],0.5181089043617249,AP05JEQ,0.5170321742141563
195,1.0,[2093.833131666189 1511.7585005133542 2784.610751145394 2091.8412056994903],[2354.066162109375 1887.09521484375 2569.27001953125 1961.1767578125],0.60927414894104,AP05JEO,0.41152814775239943
196,8.0,[937.0014202783389 1363.6869670352241 1524.8554506639955 1872.1481272383232],[1128.61376953125 1679.3375244140625 1319.419189453125 1752.1563720703125],0.5924420356750488,KH05ZZK,0.541404011939005
196,1.0,[2094.333917418936 1516.9425278502868 2784.4420981420353 2097.522149820027],[2350.629150390625 1887.5877685546875 2573.84716796875 1966.1136474609375],0.5799218416213989,AP05JEO,0.3464855114453479
197,8.0,[934.1604709533902 1370.0662186645357 1525.1335896100004 1881.5297741444263],[1123.8370361328125 1684.9541015625 1317.00048828125 1761.306884765625],0.6120033264160156,KH05ZIK,0.46888685533989943
197,1.0,[2096.623853244906 1521.9418688938008 2791.6284290535623 2104.911358163232],[2356.345703125 1896.5233154296875 2584.59326171875 1976.9681396484375],0.5510051250457764,AP05JEO,0.2170566456120814
198,1.0,[2098.029755967018 1529.7801007959629 2802.67582217374 2115.610381761445],[2354.197998046875 1905.3336181640625 2582.830810546875 1992.1929931640625],0.6242965459823608,AP05JEO,0.5316277433566403
198,8.0,[932.9768974005337 1375.255301535401 1526.1168753624174 1889.839806618013],[1122.9173583984375 1690.4000244140625 1311.8946533203125 1772.4510498046875],0.6067269444465637,KI05ZTK,0.24731674728927844
199,1.0,[2099.2706368723025 1535.506805564923 2809.0350528092627 2122.908815654375],[2354.619384765625 1908.1571044921875 2586.756591796875 1998.5108642578125],0.6424912810325623,AP05JEO,0.24673900334776097
199,8.0,[929.96583964518 1377.7200749307397 1525.3297304148573 1895.5337323133251],[1117.8651123046875 1693.8768310546875 1306.8092041015625 1777.4373779296875],0.6162388324737549,RM05ZZK,0.5346141073543416
200,1.0,[2101.951375904023 1541.3444042283654 2818.148981715928 2130.557628478121],[2365.01220703125 1920.2083740234375 2585.677001953125 2005.8980712890625],0.6027635335922241,AP05JEO,0.3190892079817518
200,8.0,[926.2910474894874 1384.1119866246436 1523.618721114643 1903.6571742762098],[1117.941650390625 1704.853271484375 1305.167236328125 1785.324462890625],0.5853954553604126,KN05ZZK,0.22480766978153183
201,1.0,[2101.17282836452 1547.8307656550403 2820.5920332134774 2137.67808598577],[2361.08203125 1927.4769287109375 2579.31298828125 2010.4134521484375],0.6242754459381104,AP05JEO,0.21328596515584763
201,8.0,[921.9517914110136 1392.481004416505 1522.524037755645 1913.9587319011582],[1118.2069091796875 1710.5855712890625 1295.7998046875 1791.4090576171875],0.5910556316375732,KA05ZZK,0.524212419825785
202,1.0,[2102.6495761197307 1552.3736496260417 2825.2657549978644 2142.1711362020383],[2359.597412109375 1931.631591796875 2580.482666015625 2018.794921875],0.6198013424873352,AP05JEQ,0.16736992170416723
202,8.0,[917.1545838637901 1397.47742589491 1519.963042369203 1919.4435312333217],[1106.9688720703125 1718.215576171875 1297.685791015625 1795.4564208984375],0.5557613968849182,KR05ZZK,0.19989528878463042
203,1.0,[2102.7274528845464 1559.914737313804 2830.7432418372373 2147.466797484722],[2371.90576171875 1943.5203857421875 2586.9931640625 2029.996337890625],0.6242964863777161,AP05JEQ,0.2722997717316923
203,8.0,[914.2884873941318 1403.1232166689158 1518.7630865854405 1926.110594528075],[1108.2454833984375 1725.4970703125 1298.379638671875 1801.1800537109375],0.5790785551071167,KH05ZZK,0.47382245261500244
204,8.0,[908.0531661463384 1409.4535824121285 1516.983177782607 1934.1227146883534],[1110.2095947265625 1733.76611328125 1293.7083740234375 1804.99560546875],0.5906103253364563,KH05ZZK,0.42259200353330495
205,8.0,[898.4171505062159 1413.2419688711514 1514.9510643973167 1939.5244862604188],[1110.8792724609375 1736.0848388671875 1293.2586669921875 1812.0399169921875],0.6164996027946472,KH05ZZK,0.3262224212593595
205,1.0,[2105.5898085613026 1570.4473898022663 2841.0940054737457 2153.4915315905073],[2378.505859375 1955.425048828125 2611.150634765625 2039.105712890625],0.6123591661453247,AP05JEO,0.17930951053494312
206,8.0,[888.2760239811886 1417.4287836513772 1512.8267821085483 1944.353044194395],[1105.6702880859375 1739.4757080078125 1289.2255859375 1815.9771728515625],0.6217185854911804,KH05ZZK,0.673950845961883
206,1.0,[2103.6665873899983 1578.3101535306491 2843.711573713841 2156.5879935688836],[2379.291259765625 1968.0897216796875 2600.67236328125 2056.30517578125],0.6114335656166077,AP05JEO,0.25880690067200707
207,1.0,[2103.4438863225314 1585.39660781236 2849.5749775739478 2157.7835164736007],[2384.122802734375 1978.450927734375 2618.553955078125 2059.541748046875],0.6179203987121582,AP05JEO,0.3641417488667316
208,8.0,[874.143996483283 1425.2885024543084 1509.0282133046808 1957.0486771991477],[1100.0123291015625 1749.7340087890625 1281.3665771484375 1830.283935546875],0.6043015122413635,KH05ZZK,0.5535932788693604
208,1.0,[2101.430777822907 1591.5953755913845 2852.4932427762437 2158.15967240961],[2382.4169921875 1985.90673828125 2599.097412109375 2067.04296875],0.5655023455619812,AP05JEQ,0.3920659771571873
209,8.0,[876.2799576704483 1430.5579230542282 1510.1938943501568 1965.1154618695766],[1083.8604736328125 1766.2559814453125 1278.0343017578125 1840.42578125],0.5901671648025513,KH05ZZK,0.45709609609856305
209,1.0,[2110.1741177884087 1595.8401631397833 2860.305891831871 2156.1194797653443],[2372.079345703125 1996.973876953125 2611.024658203125 2079.62109375],0.577314019203186,AP05JEQ,0.2684427368309179
210,1.0,[2109.4821887883422 1601.4093068443126 2862.20996862084 2154.3716106334746],[2384.53076171875 2005.5853271484375 2610.9208984375 2085.70703125],0.6556293964385986,AP05JEO,0.29988275772924333
211,1.0,[2110.598091467129 1607.8403185623963 2865.1793337075296 2151.5022770269998],[2395.733154296875 2017.72998046875 2617.3984375 2087.004638671875],0.5498806238174438,AP05JEO,0.45208292738887784
213,1.0,[2113.494417437856 1621.3352499703572 2869.1552297879216 2156.3470958482994],[2400.08251953125 2034.1029052734375 2625.461181640625 2118.64697265625],0.6047775745391846,AP05JEO,0.4271331856387039
214,1.0,[2115.831597499051 1627.9678675183604 2869.4472462182994 2157.9325231578036],[2399.90478515625 2036.8447265625 2631.090087890625 2118.83642578125],0.5958801507949829,AP05JEO,0.25144107295883794
215,1.0,[2112.3163869281675 1635.0716384082411 2865.8862079868527 2159.5861712057153],[2395.286376953125 2049.6142578125 2642.575927734375 2132.933837890625],0.5570383071899414,AP05JEO,0.35241427070060216
216,1.0,[2112.5961123617644 1643.0933920298603 2866.0789089526334 2159.6717214147634],[2389.064208984375 2065.44873046875 2634.298095703125 2138.898193359375],0.5901850461959839,AP05JEO,0.19005500359300903
216,8.0,[848.3197809356211 1473.012411123772 1496.1432437926178 2026.0661103020516],[1056.9659423828125 1813.9727783203125 1248.2650146484375 1890.793212890625],0.5788316130638123,KH05ZZK,0.24526985966081852
217,8.0,[843.0018320808485 1478.4965238566115 1492.0737823198228 2034.3055171216279],[1060.145263671875 1823.098876953125 1244.243896484375 1895.8865966796875],0.5776647329330444,KH05ZZK,0.5933935968735071
217,1.0,[2112.5295953190957 1649.6756500273987 2865.9908992048427 2158.925411786052],[2386.367431640625 2066.752685546875 2634.327392578125 2144.328369140625],0.5650037527084351,AP05JEO,0.18830148391284815
218,8.0,[834.2294139297614 1487.979794723979 1487.0195132589179 2044.4251997360134],[1058.2625732421875 1832.2261962890625 1246.9718017578125 1904.5477294921875],0.597518265247345,KH05ZZK,0.24829748162116538
228,8.0,[785.6456345132403 1553.7813913517366 1460.5746598687845 2125.5319839798303],[1014.3319702148438 1902.74462890625 1214.9461669921875 1989.95703125],0.5988307595252991,KH05ZTR,0.11206102263096551
232,8.0,[771.0082220209308 1575.8144099977696 1449.7316040252638 2149.4989762184696],[1002.0692138671875 1932.93505859375 1202.0848388671875 2014.7191162109375],0.6322293281555176,RH05ZZK,0.15595382538639802
234,8.0,[759.7424698657026 1588.7395234133728 1444.6540488364683 2153.2143163607584],[983.7921752929688 1953.8104248046875 1196.6796875 2039.6341552734375],0.6288211941719055,RI05ZZK,0.15091579551818932
237,8.0,[749.588622787983 1609.446148865898 1441.5479717758597 2157.1570723321165],[974.083740234375 1977.5460205078125 1189.947509765625 2062.1640625],0.6502971053123474,KH05ZZK,0.2636240827717343
238,8.0,[744.7261624431778 1614.1955300509742 1437.6572052383638 2156.606473174873],[968.950439453125 1982.887939453125 1186.6522216796875 2074.122314453125],0.6613813638687134,KH05ZZK,0.49538904703898334
239,8.0,[741.573227726329 1618.624728721477 1440.3118424755535 2155.7420520787105],[967.5491333007812 1992.307373046875 1185.7799072265625 2084.287353515625],0.6692109704017639,KH05ZZK,0.3710729012081974
241,8.0,[731.70691130164 1628.8011521114101 1445.3360299949377 2153.7413593935],[964.0347290039062 2015.6839599609375 1179.6226806640625 2097.822021484375],0.6375677585601807,KH05ZIR,0.12811167605627918
246,8.0,[712.166045078093 1667.6573992615386 1447.827804660404 2151.975276761786],[940.437744140625 2063.209716796875 1157.9224853515625 2144.477783203125],0.6369349956512451,KH05ZZK,0.29578742308181394
263,299.0,[2330.4138693253717 1158.6533629395005 2895.0571164344165 1645.4902979567598],[2549.386962890625 1445.0635986328125 2672.97265625 1525.40771484375],0.5501118302345276,EY61NBC,0.3973288106515213
264,299.0,[2331.692528834931 1165.1893154193133 2898.803012005491 1652.8252572712315],[2544.912841796875 1463.68701171875 2673.7685546875 1534.22509765625],0.5145968198776245,EY61NBC,0.36848853234274953
265,299.0,[2331.879439548194 1170.3745751691777 2901.1987204667735 1659.0080634240412],[2551.19921875 1467.39111328125 2689.183837890625 1538.1005859375],0.54144686460495,EY61MBG,0.698863741008199
267,299.0,[2331.5130480058624 1181.8066421911233 2906.483987934379 1676.0673625332968],[2548.400146484375 1477.178466796875 2703.147705078125 1554.629150390625],0.5683901906013489,EY61RBG,0.3791875149156467
270,299.0,[2332.5089619758937 1192.7372984798885 2911.55357933547 1700.239844283772],[2559.90087890625 1493.0391845703125 2706.610107421875 1561.1181640625],0.5003542304039001,EY61NBG,0.5709520832379109
272,299.0,[2332.473105981095 1199.791347551571 2911.438515422386 1713.6174203183014],[2558.560546875 1500.962158203125 2708.517822265625 1564.1419677734375],0.5093470215797424,EY61NBG,0.5008684203587027
273,16.0,[917.7816762412382 1492.9325416928027 1548.2646843224597 2072.5329680137816],[1132.632568359375 1868.16943359375 1321.490478515625 1950.520751953125],0.5541049242019653,FJ14ZHY,0.457743328738186
274,16.0,[912.5631481922262 1496.3219316555994 1544.922394628121 2076.8058812361005],[1127.1519775390625 1874.6751708984375 1317.9324951171875 1956.3416748046875],0.6223427057266235,FJ14ZHY,0.40251525118919645
276,299.0,[2337.503056956284 1212.1456834550588 2929.0757762371923 1734.8521645743724],[2561.394287109375 1516.8623046875 2715.919921875 1593.515380859375],0.5575342178344727,EY61MBG,0.47899199812171706
276,16.0,[900.067464848449 1516.5334327077667 1543.1477778561543 2095.412638660948],[1119.1878662109375 1898.3580322265625 1311.7225341796875 1977.4412841796875],0.556035041809082,FJ14ZHY,0.2023631338052212
277,16.0,[897.9068320185922 1522.1926947305828 1542.6297460082685 2100.4897874760873],[1104.6910400390625 1902.4229736328125 1311.5203857421875 1991.565673828125],0.5465417504310608,FJ14ZHY,0.4791468336317024
278,16.0,[896.4328648026244 1528.223653848637 1541.0418254702777 2105.0497591646736],[1103.27783203125 1902.561767578125 1303.491943359375 2002.831787109375],0.6633735299110413,FJ14ZHY,0.5376781311177041
278,299.0,[2339.5306317155955 1219.0625517077533 2930.2041195203956 1741.9849100129613],[2568.39404296875 1517.6224365234375 2719.4091796875 1595.021484375],0.5829448699951172,EY61NBG,0.4723653486468319
279,16.0,[888.3392399190116 1536.8178526868232 1536.3215094424336 2114.6333859723604],[1104.18359375 1912.4007568359375 1301.018310546875 2007.6265869140625],0.6520949602127075,FJ14ZHY,0.5190769916780454
279,299.0,[2341.8947737937483 1224.776474174358 2936.665400547125 1746.1085458354814],[2576.2333984375 1505.1962890625 2709.873291015625 1591.5484619140625],0.57085782289505,EY61NBG,0.2679150884028282
280,16.0,[880.0746574830055 1541.881346491173 1532.4611152052316 2122.3431734171318],[1101.389892578125 1914.6763916015625 1302.02490234375 2007.8206787109375],0.6649070978164673,FJ14ZHY,0.47464941028331387
280,299.0,[2342.547893704365 1229.357321303757 2940.5850659094017 1750.5753577817372],[2575.582763671875 1503.4969482421875 2709.31787109375 1589.5953369140625],0.5157274007797241,FY51MAR,0.12368686942542681
281,16.0,[871.3529729046065 1547.2039479204045 1529.3587067894211 2131.534762212282],[1098.5238037109375 1923.3746337890625 1299.7047119140625 2016.1915283203125],0.6528090834617615,FJ14ZHY,0.570641165254474
282,16.0,[863.0385110053753 1553.0653865594556 1527.2756912481582 2140.9307935850375],[1093.883544921875 1933.7257080078125 1295.0 2026.98974609375],0.6243554949760437,FJ14ZHY,0.24818137947130856
283,16.0,[859.6406338179286 1558.7913603140144 1527.3627503299408 2147.688871992547],[1090.876708984375 1939.72705078125 1299.406494140625 2042.26025390625],0.6606675386428833,FJ14ZHY,0.30099043826828803
283,299.0,[2342.017692648508 1238.651062585705 2947.843862645252 1766.560814459031],[2557.90869140625 1556.4111328125 2730.51416015625 1627.859619140625],0.571893572807312,EY61NBG,0.23939539204636112
284,299.0,[2344.3441639830676 1241.7669355746802 2955.4207988399035 1770.6454188042594],[2570.148193359375 1548.181640625 2724.371337890625 1632.514892578125],0.5359711050987244,EY61NBG,0.4864647888939113
285,299.0,[2344.8584682022065 1246.303733536196 2959.051896421817 1778.278676262713],[2577.2880859375 1561.074462890625 2725.295166015625 1636.644287109375],0.6049163937568665,EY61NBG,0.42908733013021866
286,16.0,[848.7548128644007 1571.9940062962646 1523.2670558650025 2154.5761938653263],[1077.7716064453125 1963.8779296875 1290.1812744140625 2058.2197265625],0.6450784802436829,FJ14ZHY,0.492573130006554
286,299.0,[2345.0439581674004 1248.2629287864038 2962.1294449470065 1782.958147351801],[2577.64404296875 1558.9658203125 2724.404296875 1639.632568359375],0.5979726314544678,EY61NBG,0.2832052240852154
287,16.0,[848.2635145390782 1577.1351437621129 1523.1065140402875 2154.4341954768915],[1073.317138671875 1976.5045166015625 1284.9244384765625 2067.016357421875],0.674024760723114,FJ16ZHY,0.246294164137585
288,16.0,[843.0333261780772 1584.7101567984926 1522.4141808205652 2155.439426504129],[1074.9189453125 1984.7081298828125 1277.2332763671875 2076.700927734375],0.6636583209037781,FJ14ZHY,0.7518085419366706
288,299.0,[2344.4986206002905 1255.9342640519394 2961.7577967427105 1794.55613415907],[2568.0087890625 1574.7008056640625 2737.0166015625 1651.3297119140625],0.5133154392242432,EY61NBG,0.31928104064895535
289,16.0,[839.862142651509 1588.8362117006186 1522.359149775394 2155.0791964778127],[1067.91796875 1993.9952392578125 1280.2569580078125 2086.37158203125],0.6625840067863464,FJ14ZHY,0.3236532878239226
291,299.0,[2349.0004636381364 1271.6702297864106 2972.36381362496 1815.6122973243598],[2585.52197265625 1587.4599609375 2743.47509765625 1661.5338134765625],0.5085717439651489,EY61NBG,0.3480754946603868
292,16.0,[826.0917397813146 1610.6891793124105 1512.353188248162 2151.140605654788],[1062.7320556640625 2022.068115234375 1272.9854736328125 2104.039306640625],0.6703661680221558,FJ14ZHY,0.44470640027269354
292,299.0,[2347.7345308735603 1273.9006434836247 2971.7217741497498 1818.4281989896053],[2584.401611328125 1602.1304931640625 2754.0908203125 1674.18505859375],0.6126998066902161,EY61NBG,0.5662987315210237
294,16.0,[816.7867422992447 1627.3184022592475 1510.0022583989414 2158.821778396271],[1055.0706787109375 2046.2567138671875 1256.036865234375 2133.091064453125],0.6770609617233276,FJ14ZHY,0.37569623231353627
294,299.0,[2349.986697272404 1281.160447567491 2975.984370349044 1831.2807629200327],[2578.687744140625 1613.5048828125 2759.1513671875 1687.39453125],0.6151584982872009,EY61NBG,0.37609001494334476
295,16.0,[812.3937777563649 1634.1085817998435 1508.3217218933194 2161.832932305235],[1041.5706787109375 2052.279052734375 1259.194091796875 2135.63525390625],0.7011615037918091,FJ16ZHY,0.6400121398191153
295,299.0,[2350.5666894705682 1283.1674310158405 2979.8199167962684 1835.2133335436542],[2574.70166015625 1614.24658203125 2763.041748046875 1692.070068359375],0.6201650500297546,EY61NBG,0.4890615910283756
296,16.0,[806.8976523702139 1640.385474718514 1506.4221098359512 2162.991531223634],[1041.2674560546875 2057.063232421875 1255.2884521484375 2146.793701171875],0.7192817330360413,FJ14ZHY,0.4186104084423861
296,299.0,[2352.0118392204413 1286.611937973967 2983.425953372668 1840.3008889423463],[2583.89208984375 1614.5625 2766.988037109375 1697.3309326171875],0.6438034176826477,EY61NBG,0.4485482815002405
297,16.0,[801.661547502126 1649.1662929433394 1505.6991228263157 2164.478270278979],[1037.3182373046875 2069.9501953125 1253.3720703125 2152.658203125],0.6694497466087341,FJ14ZHY,0.8440285488718561
297,299.0,[2352.334851323686 1295.1608841251484 2982.3335576645513 1848.1897345807604],[2577.8408203125 1630.8504638671875 2765.302001953125 1701.5592041015625],0.5302776098251343,EY61MBG,0.2453901074144846
298,16.0,[802.1927697483264 1654.4236294974098 1507.5869693090222 2164.683742334228],[1033.7999267578125 2074.79833984375 1248.7694091796875 2154.6044921875],0.6762763857841492,FJ14ZHY,0.6429540475965797
299,16.0,[797.4149865772088 1660.965987454947 1505.3785204703786 2165.1360942806696],[1029.66845703125 2086.74267578125 1241.74560546875 2160.0],0.6325982213020325,FJ16ZHY,0.23879608473717553
299,299.0,[2356.7264962287272 1306.9224660771365 2985.625111864273 1858.4557488892556],[2595.406494140625 1639.4088134765625 2765.845947265625 1710.9803466796875],0.5258326530456543,EY61NBG,0.6549384662570883
300,299.0,[2357.724480117824 1314.1297385101525 2986.6005892201156 1867.3193198820668],[2592.4404296875 1648.3157958984375 2768.27880859375 1727.8853759765625],0.6052637696266174,EY61NBG,0.574503895760321
301,299.0,[2359.0869697136013 1319.2428545951507 2988.6974388087856 1875.294547282138],[2586.08740234375 1653.63134765625 2769.662841796875 1730.91796875],0.599215567111969,EY61NBG,0.2401004227188316
302,299.0,[2360.9597127208262 1322.8536105930416 2992.470079769255 1881.1003723860094],[2594.501220703125 1660.8076171875 2771.249267578125 1738.72265625],0.6111999154090881,EY61NBG,0.8266583162702195
303,299.0,[2362.881765194254 1326.1134892056923 2994.917428455385 1889.5263593046254],[2594.05517578125 1667.214111328125 2771.125 1742.455078125],0.6171705722808838,EY61NBC,0.5860701994223138
305,299.0,[2364.2816383139048 1332.2151489435626 2998.1298419557966 1905.1607022053388],[2601.769775390625 1666.62451171875 2772.791748046875 1746.0750732421875],0.5132938027381897,EY61NBG,0.5018703966126009
307,299.0,[2365.276616111604 1342.2121886089226 2999.2533705845317 1921.9174707052352],[2602.804931640625 1697.435302734375 2781.4580078125 1761.315673828125],0.5299080014228821,EY61NBG,0.6438582224435097
308,299.0,[2366.1979100623166 1350.1804990770488 3002.76080539518 1932.0979087598062],[2601.275634765625 1699.5787353515625 2776.637939453125 1775.4759521484375],0.5577542185783386,EY61NBG,0.5783513671749618
310,299.0,[2375.055785696234 1360.8226270399834 3021.4830091966332 1944.9417897378082],[2614.4951171875 1692.5701904296875 2769.9736328125 1782.7994384765625],0.5646304488182068,EY61NBC,0.7566071522010579
311,299.0,[2376.7081292043326 1366.9728549580889 3026.1341449164333 1953.5978832383341],[2618.3291015625 1704.6478271484375 2785.449462890625 1789.412109375],0.6266282200813293,EY61NBG,0.5466410736294837
312,299.0,[2377.6903813579456 1372.4064820129895 3031.488939285643 1960.4360502566608],[2608.090576171875 1725.676025390625 2791.564453125 1798.975341796875],0.564929187297821,EY61NBG,0.6725203555422572
314,299.0,[2377.2706866984304 1386.846314348159 3036.8304813639093 1978.8723105366857],[2619.779541015625 1733.7601318359375 2794.0703125 1812.4881591796875],0.558333158493042,EY61NBG,0.42969888752452856
315,299.0,[2379.3186454423862 1393.221940245099 3041.1615805734987 1988.1075933357458],[2612.478515625 1739.7432861328125 2809.26513671875 1824.87890625],0.5731204152107239,EY61MBG,0.6420937977113914
316,299.0,[2380.280087521913 1395.941196493095 3042.6919892650026 1992.8152527218704],[2619.836669921875 1746.0120849609375 2802.619140625 1828.1356201171875],0.6206144094467163,EY51NBG,0.3177557681983062
317,299.0,[2380.9192418019948 1402.4056899572306 3049.4562153260185 1999.4675298868847],[2617.260986328125 1756.9822998046875 2821.798583984375 1837.6651611328125],0.6305089592933655,EY61NBG,0.4569948415947048
318,299.0,[2382.8430856759333 1410.139630441858 3053.9663444955822 2006.8535870399348],[2623.400146484375 1754.09326171875 2817.66943359375 1842.86572265625],0.6256060004234314,EY61NBG,0.6270469777275413
319,299.0,[2384.861456572626 1414.1057982630346 3059.3991360624045 2010.9949189295312],[2619.14501953125 1761.794677734375 2816.81689453125 1850.38037109375],0.6363705992698669,EY61NBG,0.5748184619039026
320,299.0,[2384.651087235679 1421.741938492604 3060.539673408875 2021.2595327011325],[2616.323974609375 1782.8477783203125 2816.294189453125 1866.5489501953125],0.5500808954238892,EY61NBG,0.545636624625784
321,299.0,[2385.4010449011057 1426.5056372512768 3063.252192610802 2029.5675306936],[2630.62451171875 1787.75439453125 2820.53271484375 1873.540771484375],0.6114832758903503,EY61NBG,0.45202731356309656
322,299.0,[2387.4323343618553 1429.0795171554828 3067.0411053854223 2035.7882760924626],[2627.55859375 1794.7825927734375 2821.530029296875 1876.9200439453125],0.6052018404006958,EY61NBG,0.8452075340115083
323,299.0,[2390.335303087758 1431.8780958018365 3071.9229343623256 2042.4874998398595],[2625.907958984375 1805.5888671875 2827.4287109375 1881.4366455078125],0.6128180623054504,EY61MBG,0.5810090832274047
324,299.0,[2392.579628439839 1437.3907398308309 3075.054386522887 2050.600393170283],[2629.472412109375 1806.68408203125 2825.95751953125 1890.6943359375],0.6582270860671997,EY61NBG,0.5336161582116424
325,299.0,[2391.341244720451 1442.9469834268818 3071.0655284027443 2057.9332014099564],[2641.9345703125 1806.2010498046875 2824.83837890625 1889.5352783203125],0.6361210942268372,EY61NBG,0.25864538248889973
326,299.0,[2392.1512553184375 1452.2949485273225 3070.8810506304553 2068.8010111753024],[2641.899169921875 1823.924560546875 2832.781982421875 1900.013671875],0.5238279104232788,EY61MBG,0.6630289686320388
327,299.0,[2395.3517145971487 1460.766754308303 3076.8851686608064 2079.010205876392],[2641.610107421875 1836.4434814453125 2839.22119140625 1911.0692138671875],0.5567511916160583,EY61NBC,0.42610367989951276
328,299.0,[2395.0713927090655 1465.6605015121527 3077.9908593684404 2085.338438231363],[2647.422607421875 1834.446533203125 2830.1640625 1914.27978515625],0.5451244711875916,EY61NBG,0.5011548400565857
330,299.0,[2401.4107497822424 1478.8664962768712 3093.7010002998722 2101.1538731144874],[2643.80224609375 1848.160400390625 2835.65283203125 1933.77099609375],0.6617648601531982,EY61NBG,0.39067388805883085
332,299.0,[2403.886047786927 1493.9206803366553 3105.870950477331 2118.4917083330624],[2652.436767578125 1864.7962646484375 2858.08251953125 1956.4742431640625],0.6201614737510681,EY61NBG,0.4288276005449018
333,299.0,[2407.0864489050314 1503.800804385752 3116.1199769845266 2127.424468225844],[2653.10400390625 1880.148193359375 2855.75048828125 1959.62255859375],0.5928480625152588,EY61NBG,0.28100200566910183
334,299.0,[2406.9978972527447 1510.3515049655298 3120.623718609732 2133.077920483008],[2653.916748046875 1883.6663818359375 2851.26416015625 1964.1844482421875],0.5964147448539734,EY61MBG,0.6129582631032985
335,299.0,[2406.544636085737 1516.7858851419473 3123.2471832182855 2139.508100212865],[2656.283935546875 1886.4459228515625 2857.85009765625 1976.1492919921875],0.5648676156997681,EY61NBG,0.444729996446156
336,299.0,[2407.5546628573156 1521.0848361905948 3126.3989070757443 2144.580298467642],[2658.062255859375 1902.177001953125 2869.268310546875 1984.2342529296875],0.6378802061080933,EY61MBG,0.5825991430835687
337,299.0,[2408.6991595632644 1523.639047773922 3129.7775081844966 2147.1533183967176],[2661.38916015625 1904.507080078125 2866.44384765625 1987.37548828125],0.6682894229888916,EY61MBG,0.7417460640017811
338,299.0,[2408.5846622177132 1526.0290575996519 3126.523178684025 2149.126226988195],[2664.345703125 1919.200927734375 2872.3564453125 2002.48828125],0.6342698335647583,EY61NBG,0.8924902999873556
339,299.0,[2412.5054955904707 1528.8756101972504 3133.0961124466976 2148.8017047752674],[2691.599853515625 1929.5665283203125 2875.3681640625 2003.39501953125],0.5038950443267822,EY61MBG,0.44096269779465014
340,299.0,[2415.6323309268146 1531.765492201111 3140.161561533603 2148.6208093085365],[2673.019775390625 1930.405517578125 2878.082275390625 2017.119140625],0.6592878103256226,EY61NBG,0.9193522757730882
341,299.0,[2417.6305709824533 1539.0023107613442 3142.4856421118307 2149.6045430887275],[2669.47265625 1939.16455078125 2879.047119140625 2029.6142578125],0.6491113901138306,EY61NBG,0.5352801563508449
342,299.0,[2416.911566648296 1547.9758821559276 3142.303192002544 2150.4426324859746],[2672.01171875 1947.6171875 2881.88818359375 2036.245361328125],0.6758390069007874,EY61NBG,0.4119897676454526
343,299.0,[2420.8251142874565 1554.9652027129828 3147.9733600242594 2150.0030868238277],[2676.40576171875 1953.835693359375 2887.0107421875 2036.607421875],0.6564825773239136,EY61NBG,0.37107067189810733
344,299.0,[2424.486930478251 1562.3135607083655 3156.8331237706975 2151.1499045991695],[2677.19384765625 1966.38134765625 2879.413330078125 2054.244140625],0.5983180403709412,EY61MBG,0.28568265193942605
345,299.0,[2427.3892698625946 1567.8076094554517 3165.528585055978 2151.9428738015017],[2682.25439453125 1978.4490966796875 2891.1884765625 2065.69140625],0.6551996469497681,EY61NBC,0.45887158532166006
346,299.0,[2430.115438060964 1573.4252150009102 3172.4132556199893 2151.8411649227646],[2686.47216796875 1982.925048828125 2895.07373046875 2072.308349609375],0.6371896266937256,EY61MBC,0.6153826113094445
347,299.0,[2432.2699050653796 1581.8977231420567 3175.26177787588 2152.692099001264],[2686.769287109375 1993.389404296875 2894.40380859375 2082.12744140625],0.6248376369476318,EY61NBG,0.3640599891784717
348,299.0,[2432.2535511816477 1590.6334730145616 3174.162659468484 2153.2296917305207],[2692.719482421875 1999.485107421875 2909.53564453125 2085.515625],0.7027433514595032,EY61NBG,0.7108848084823323
349,299.0,[2434.834842677504 1599.28736682842 3181.814608912628 2155.3029340870953],[2692.545654296875 2006.4283447265625 2908.507568359375 2101.1142578125],0.6811991930007935,EY61NBG,0.5802470145865171
350,299.0,[2435.618937567847 1605.6351992092848 3186.320105004268 2156.303797719055],[2696.59716796875 2022.044677734375 2914.33740234375 2108.160888671875],0.6290524005889893,EY61NBG,0.4322478259635113
352,299.0,[2441.3883537040365 1613.7001282214046 3203.3584488221722 2150.9353351721907],[2698.19677734375 2039.545654296875 2916.54931640625 2125.31689453125],0.6738539338111877,EY61NBG,0.7064296310801675
353,299.0,[2444.644821816312 1621.5157623132593 3207.43832804942 2152.8502492593634],[2702.188720703125 2055.122314453125 2925.69287109375 2132.0859375],0.6655790209770203,EY61NBG,0.41423149912834084
354,299.0,[2446.2567090731955 1630.2278849088555 3214.6597521627373 2150.5528911599613],[2704.857666015625 2069.065185546875 2924.869873046875 2149.009033203125],0.6432991027832031,EY61MBG,0.33328675578560313
355,-1,[-1 -1 -1 -1],[2709.2998046875 2079.432373046875 2924.638427734375 2152.010986328125],0.6112306118011475,EY61MBG,0.41227873371858986
356,-1,[-1 -1 -1 -1],[2714.341796875 2089.550048828125 2928.514404296875 2159.096435546875],0.6139154434204102,EY61MBG,0.3811475658994876
381,380.0,[819.7807544007164 1470.4708635429095 1486.6287356013136 2052.4507459934175],[1054.3839111328125 1849.2081298828125 1234.39599609375 1926.8184814453125],0.5818736553192139,MV04HVF,0.3219843120444399
393,380.0,[755.2759249392922 1535.8613024000456 1443.7747715905903 2149.1994468402163],[996.3821411132812 1935.651123046875 1190.0028076171875 2016.5167236328125],0.6300807595252991,AV08HVF,0.7127387920598697
402,470.0,[2276.551612813648 911.434960402913 3001.952639512192 1797.4748059566523],[2569.29052734375 1576.4384765625 2734.136962890625 1653.375],0.5778310298919678,EG65USJ,0.21847249107539188
403,470.0,[2267.7838243258966 908.8426395672864 2995.22443024739 1787.8030482668723],[2568.0615234375 1578.958740234375 2734.32763671875 1653.31640625],0.5399731993675232,EC65VSJ,0.2825995595030566
404,470.0,[2269.154754329686 907.652248918775 3000.6434870125527 1791.1370621479346],[2573.843505859375 1591.5516357421875 2736.00244140625 1658.7513427734375],0.5591857433319092,GG65USJ,0.2900216062441216
405,470.0,[2256.7719102845117 914.1215082438005 2996.318540886999 1799.007446495911],[2574.176513671875 1595.278564453125 2739.759521484375 1663.6182861328125],0.534296452999115,BG65USJ,0.8467675304831228
406,470.0,[2255.7650339755833 913.1930879069399 3001.121792209365 1803.7811363786518],[2577.406982421875 1594.8460693359375 2738.41162109375 1664.8150634765625],0.569198489189148,BG65USJ,0.12655059392325468
408,380.0,[670.1467782077247 1626.5122067233992 1409.993436787417 2162.2574656640722],[929.7388916015625 2059.713134765625 1131.498046875 2140.052734375],0.6778983473777771,AV08HVE,0.40870662200059327
408,526.0,[2266.8160883446108 910.6709034681808 3011.0634609761255 1819.4054284996619],[2577.653564453125 1601.2401123046875 2750.484619140625 1687.1751708984375],0.61680668592453,BG65USJ,0.3291312225088475
409,526.0,[2265.5236898230105 913.8064578934338 3004.4224031253934 1824.6792335344815],[2574.38232421875 1608.4776611328125 2748.947998046875 1687.1123046875],0.597909152507782,BG65USJ,0.8151148663353434
415,526.0,[2291.599562710777 931.8436516975787 3017.98034785876 1862.3722806233652],[2583.6953125 1646.337646484375 2754.408203125 1716.8636474609375],0.5389438271522522,BC65USJ,0.6489739262435085
417,-1,[-1 -1 -1 -1],[2579.16748046875 1658.8311767578125 2763.156982421875 1742.4034423828125],0.6117873787879944,BG65USJ,0.7918797293920101
420,526.0,[2299.1056096189027 961.5483958224474 3025.62442244358 1908.836950385077],[2587.068115234375 1680.9532470703125 2767.793212890625 1755.0223388671875],0.6239559054374695,BG65USJ,0.4060562467174461
422,526.0,[2298.0659622557982 969.5557219942851 3029.22273237946 1928.4433272927445],[2596.327392578125 1686.990234375 2767.77783203125 1760.47265625],0.6314724087715149,BG65USJ,0.6189788823393172
424,526.0,[2285.680436581922 974.6152207544251 3033.375349333382 1943.7510125300491],[2588.63525390625 1696.2608642578125 2765.416259765625 1781.4620361328125],0.623393714427948,BG65USJ,0.5472725282743784
424,331.0,[980.7269111294593 1279.7224799897438 1501.7491807621616 1653.8924261372792],[1153.796142578125 1535.158447265625 1307.022216796875 1608.608642578125],0.528048038482666,NA54KGJ,0.11603946426488346
425,526.0,[2298.3338091607334 979.4754576218479 3045.545963090384 1956.0418811435375],[2584.390380859375 1705.978271484375 2766.888671875 1789.39453125],0.636987566947937,BG65USJ,0.2522647587613579
426,331.0,[977.6339015608423 1284.3398479569446 1499.287624091708 1660.2478745813987],[1144.4599609375 1548.5992431640625 1301.4180908203125 1618.0548095703125],0.5156166553497314,NA54KCJ,0.4376481495613507
431,526.0,[2318.6156314924924 998.034282164299 3092.090091667002 1993.8634998747139],[2591.26904296875 1743.7222900390625 2772.9638671875 1825.37890625],0.5451657772064209,BG65USJ,0.5546249574723712
432,526.0,[2309.3050384984567 1003.605588461458 3088.2863400727033 1999.3749970079193],[2595.423583984375 1755.640869140625 2770.199951171875 1834.1806640625],0.5676702260971069,BG65USJ,0.813603339979759
437,556.0,[2300.0458168491077 1006.5060165823661 3102.283231705399 2012.5975616562405],[2596.76171875 1788.0655517578125 2782.366943359375 1872.1461181640625],0.6119577288627625,BC65USJ,0.8358367861740109
438,556.0,[2292.5545214761014 1012.1492581424594 3102.784807323398 2027.1929667227641],[2595.659423828125 1793.4228515625 2786.46923828125 1877.93408203125],0.6536039710044861,BG65USJ,0.7137031151932376
440,556.0,[2303.482121819889 1024.6892524029552 3108.1204423327204 2049.5154739317804],[2595.798828125 1809.7760009765625 2787.810791015625 1889.0731201171875],0.6317664980888367,BG65USJ,0.8560823575183658
441,556.0,[2303.108162599081 1029.57378269416 3113.9059638310737 2059.91523592104],[2597.348876953125 1819.8896484375 2785.7724609375 1898.5341796875],0.6186257004737854,BG65USJ,0.49146817866034503
448,556.0,[2295.3746794698463 1050.998190697108 3129.6638764272866 2112.160441593928],[2592.045166015625 1862.83447265625 2799.43115234375 1952.520263671875],0.6641055345535278,BG65USJ,0.7716843383711975
450,556.0,[2303.0203002581593 1062.068118541637 3140.1929306257007 2127.4575702590228],[2589.952880859375 1880.89306640625 2797.225341796875 1972.329345703125],0.6786161661148071,BC65USJ,0.45224153506990933
452,556.0,[2287.2896081335757 1068.161256379436 3126.531499545011 2138.0339574465684],[2596.121826171875 1895.172119140625 2797.219970703125 1983.8321533203125],0.6848116517066956,BG65USJ,0.5972377573554469
453,556.0,[2287.0132032541637 1073.9361153366194 3130.96624758641 2144.8136715697688],[2596.814453125 1913.471923828125 2792.73046875 1995.749267578125],0.6485413908958435,BG65USJ,0.46119414307020984
453,331.0,[898.1525267835191 1378.9783780912367 1454.6404590618326 1785.1952752419888],[1075.310302734375 1647.5028076171875 1251.425537109375 1743.3819580078125],0.6039831042289734,HA56KGJ,0.3654318859365094
454,331.0,[896.474034648445 1381.930881811635 1454.7606236206816 1788.9897030304617],[1078.1873779296875 1657.1016845703125 1251.3992919921875 1742.88330078125],0.6004387736320496,HA54KGJ,0.47947605581472313
455,331.0,[893.9110478967953 1385.6008363752503 1454.5502623742498 1793.7132379320528],[1078.3294677734375 1668.8477783203125 1246.580322265625 1745.1016845703125],0.5411435961723328,MI54KOJ,0.09413424865300105
456,331.0,[893.3603565433166 1391.900822447515 1455.3661284258271 1799.5933131642241],[1076.1494140625 1671.28857421875 1244.636474609375 1754.1822509765625],0.5697903037071228,NA54KGJ,0.23759216768748267
457,331.0,[892.5514953691585 1395.3767496622847 1455.8381058645205 1803.863327268981],[1080.163330078125 1674.2220458984375 1247.798583984375 1767.5889892578125],0.5741883516311646,MA56KGJ,0.15537315305054242
458,331.0,[891.7502121758017 1400.2723484106455 1455.2849025475007 1809.555912419637],[1075.462646484375 1678.697021484375 1246.3388671875 1768.203369140625],0.6171610355377197,NA56KGJ,0.058515139359769125
464,598.0,[2263.8629283000805 1146.2038575645993 3147.9276261800446 2140.081124629424],[2597.439208984375 1991.2020263671875 2815.36474609375 2089.835693359375],0.6732543706893921,GL65USJ,0.2832357639133991
464,345.0,[1131.169526186608 1068.8691041484756 1673.6081658134672 1581.4815391698528],[1306.7528076171875 1386.4779052734375 1468.3250732421875 1468.621337890625],0.6293221712112427,AK64DMY,0.44041667924214045
464,331.0,[884.8753656247845 1425.8690684803437 1449.6575717065712 1845.5632932737149],[1069.834716796875 1708.579833984375 1244.6729736328125 1793.720947265625],0.6194234490394592,NA54KGJ,0.21392422107064687
465,598.0,[2257.964862673795 1145.222835492466 3153.698206894153 2143.676081378446],[2596.327392578125 2005.900634765625 2813.93212890625 2100.744140625],0.6755352020263672,BG65USJ,0.720072786357035
465,345.0,[1130.648763896738 1072.0524442437259 1675.3591710401245 1585.6845795554877],[1314.1875 1392.1182861328125 1469.2474365234375 1467.404296875],0.6227673292160034,AK64DMV,0.345650373145892
467,345.0,[1124.4344727346154 1075.5624993347578 1671.72292469731 1589.3174467623435],[1305.6785888671875 1402.657958984375 1463.015380859375 1477.0030517578125],0.5597222447395325,AK64OMV,0.24706670812280648
468,-1,[-1 -1 -1 -1],[2597.194580078125 2024.9373779296875 2823.356201171875 2131.29443359375],0.69619220495224,EG55USJ,0.20098190774984656
468,345.0,[1119.7607990434565 1077.7581016276943 1673.6742181781667 1593.0332938778936],[1315.710693359375 1404.2750244140625 1459.3524169921875 1482.217529296875],0.5785896182060242,AM64OMV,0.10697602143645622
468,331.0,[877.9690737407544 1441.1009831609263 1442.1192426479488 1860.3417023093066],[1063.7322998046875 1735.4549560546875 1239.1729736328125 1814.2540283203125],0.5594131946563721,NA54KGJ,0.08930129870911314
469,331.0,[876.4407309554308 1445.1167286058117 1441.0245882293466 1866.0012018577008],[1058.532470703125 1737.13037109375 1234.7747802734375 1816.98779296875],0.5968791246414185,NA50KGJ,0.03038154622772022
471,345.0,[1096.4616498338853 1086.6409906744088 1660.7143968726493 1604.4045590376054],[1309.455322265625 1410.4095458984375 1454.408203125 1490.824951171875],0.62476646900177,AK64DMV,0.11717122055517654
474,345.0,[1093.106434168718 1095.8100347182863 1655.5022116187124 1616.0621544836672],[1295.9166259765625 1420.3857421875 1452.2017822265625 1508.2880859375],0.6328674554824829,AK64OMV,0.183453233292351
475,345.0,[1092.7516978511699 1096.9654121844442 1654.0601040601541 1618.3292453516633],[1292.6514892578125 1419.2294921875 1449.384521484375 1508.9520263671875],0.63399738073349,AK64OMV,0.5046431986786095
478,345.0,[1095.6423296488406 1112.6091880602435 1653.7562487073142 1635.0839906507522],[1285.9432373046875 1431.7042236328125 1446.8980712890625 1514.6700439453125],0.6334804892539978,AK64DMV,0.7684727952021243
479,345.0,[1093.8971562814104 1116.8241445186884 1652.9075020715463 1641.6425958873185],[1271.69091796875 1433.0157470703125 1441.66455078125 1516.1492919921875],0.6221989989280701,AK64DMV,0.6587642763244461
480,331.0,[848.6690895641366 1497.7500210295582 1432.2433410897881 1933.674025329158],[1030.0823974609375 1793.5072021484375 1232.1881103515625 1885.501220703125],0.6221151351928711,NA54KGJ,0.2714978823368787
481,331.0,[847.1533064114935 1501.7728248852018 1431.512028900029 1939.0185992262368],[1025.96923828125 1798.943115234375 1231.8212890625 1887.788818359375],0.6371994018554688,NA54KGJ,0.18053432205319797
482,331.0,[844.0131862947212 1506.4482486223678 1429.7518729433848 1944.8946483500513],[1034.4888916015625 1810.595947265625 1227.8284912109375 1895.7333984375],0.6501097083091736,NA54KCJ,0.14311498742606346
482,345.0,[1083.3548442198908 1120.621556038312 1649.481726859878 1649.3819178907638],[1294.0302734375 1450.370361328125 1438.4443359375 1525.0865478515625],0.5218845009803772,IK64DMV,0.6772082918422516
483,345.0,[1082.6258954512941 1124.6441699885472 1650.7674128948483 1653.3262681322885],[1283.2183837890625 1444.6021728515625 1433.8201904296875 1525.9658203125],0.5959787964820862,AN64DMV,0.5889162127868829
484,331.0,[843.0619025444214 1513.4276500473338 1430.4993379952937 1952.7123683759755],[1026.8536376953125 1822.673583984375 1222.5106201171875 1908.381591796875],0.6125820875167847,NA54KGJ,0.2564931436160145
484,345.0,[1081.3221106896347 1128.2330649765954 1651.975497335455 1656.8029084710215],[1268.054443359375 1447.2109375 1434.5340576171875 1529.4832763671875],0.5814865231513977,AN64DMV,0.5381741900795984
485,345.0,[1078.4573619635687 1129.7836405257767 1651.297503790798 1660.3474370037366],[1274.4517822265625 1457.2034912109375 1428.542724609375 1533.4464111328125],0.5735101103782654,AK65JMV,0.35316152041876153
486,345.0,[1073.183408487726 1135.2923919735272 1649.1165630433807 1665.6350219267279],[1261.1070556640625 1456.194580078125 1430.2989501953125 1534.599609375],0.6040563583374023,AK64DMV,0.6471610584633674
487,345.0,[1071.7074681177942 1138.9099295715869 1650.0505206401363 1668.0296275332998],[1264.1693115234375 1457.556884765625 1428.6490478515625 1539.539794921875],0.599138081073761,AK64DMV,0.7134720087925331
487,331.0,[834.3816425993798 1529.294119341598 1425.1982316697283 1969.4361353555466],[1025.127685546875 1831.75634765625 1215.1380615234375 1922.3939208984375],0.5952612161636353,NI50MCJ,0.1412446815918215
491,345.0,[1061.6224037488541 1151.2216900814196 1645.4515386042376 1682.048088187063],[1252.421630859375 1476.028564453125 1423.212890625 1551.412353515625],0.5260857939720154,AM64DRV,0.17148802714530517
492,345.0,[1056.3976741140395 1156.1795527172123 1636.0997961046482 1688.310745499835],[1254.6171875 1481.849853515625 1421.52001953125 1556.09912109375],0.6109118461608887,AM64DMV,0.37712759438157983
493,345.0,[1054.1360981761031 1158.6131816030954 1631.5284955187312 1690.5282038474613],[1253.28857421875 1479.8126220703125 1421.8580322265625 1560.0010986328125],0.6204264760017395,AK64DMV,0.45921415540277305
494,345.0,[1051.6148363246627 1160.6047461829353 1627.6143321517445 1692.7463443642405],[1247.359130859375 1482.8536376953125 1420.0528564453125 1562.8648681640625],0.6083032488822937,AN64DMV,0.6324561365129516
495,345.0,[1052.505644188443 1164.1661066946158 1629.7694414003522 1697.4603950005098],[1253.2972412109375 1491.49658203125 1407.429931640625 1569.58447265625],0.6230673789978027,AK64DMV,0.5489436862824443
496,345.0,[1048.8667400653098 1165.0736736324002 1626.9368818819457 1700.0378239068814],[1244.6678466796875 1494.2322998046875 1411.4432373046875 1569.8160400390625],0.6216470003128052,AK64DMV,0.5259662933624182
497,345.0,[1046.2219774080138 1166.0367285201783 1626.4534896399912 1702.8799898307839],[1243.1485595703125 1496.9853515625 1409.8558349609375 1579.664794921875],0.6001878380775452,AK64DMV,0.8588224926611113
500,345.0,[1031.2507248579009 1168.8537087014895 1621.492700586305 1712.0405795221843],[1235.54638671875 1504.7669677734375 1406.8602294921875 1589.8245849609375],0.6501274108886719,AK64DMV,0.612558938852096
501,345.0,[1025.90141372083 1173.762550923594 1619.3658080741916 1718.8262433998143],[1220.2730712890625 1505.9437255859375 1407.0289306640625 1596.3970947265625],0.6477384567260742,AK64DMV,0.5158936106289149
502,345.0,[1024.3330604410562 1175.1473504506719 1619.4592549705471 1721.584019002067],[1225.67041015625 1513.1422119140625 1396.541015625 1601.4927978515625],0.6416659355163574,AK64DMV,0.5179490966898049
503,345.0,[1023.1922362869996 1178.1432859102574 1618.0153510907617 1726.0540857271562],[1220.119140625 1517.794921875 1398.8074951171875 1609.181396484375],0.6355655789375305,AK64DMV,0.5831397906255235
504,345.0,[1021.9081426203543 1181.0280933572446 1617.5795270600865 1730.8608892866202],[1212.8984375 1524.4368896484375 1399.07421875 1613.5543212890625],0.6435602307319641,AK64DMV,0.5276386170864272
504,331.0,[793.7358011308318 1618.745920802673 1418.0720672495697 2092.332960543386],[995.14453125 1947.412109375 1199.2408447265625 2032.9912109375],0.5803526639938354,NA54KCJ,0.2909980841276141
505,345.0,[1018.9482327947026 1184.2489314335317 1615.9689660054742 1736.8576419101555],[1212.552734375 1520.91357421875 1394.76416015625 1614.14501953125],0.6673003435134888,AK64DMV,0.6991469267052912
505,331.0,[791.9576509575583 1623.4186641813258 1417.979566573185 2096.5900271394116],[993.425537109375 1944.760986328125 1197.45849609375 2041.7647705078125],0.6543282270431519,NA54KGJ,0.11270313319096412
506,345.0,[1016.9314389645144 1186.6917974899998 1615.145460835189 1740.3866273077324],[1213.74755859375 1528.874267578125 1393.3143310546875 1617.574951171875],0.6598865389823914,AK64DMV,0.5959864358602219
506,331.0,[790.5478237708247 1630.1936476487344 1418.3990661799276 2102.8865471015206],[993.7227783203125 1958.0299072265625 1195.66943359375 2058.291748046875],0.6558687686920166,NI54KGJ,0.1266761430931805
507,345.0,[1015.9278597891155 1190.9438776787376 1616.5385769645702 1746.8946916677107],[1208.8179931640625 1530.2545166015625 1396.87939453125 1620.2794189453125],0.6827369332313538,AK64DMV,0.621832797243152
507,331.0,[789.7697738245549 1634.557721382204 1419.310635914337 2107.9006461128256],[985.1976928710938 1960.488037109375 1191.017333984375 2062.311767578125],0.6808187365531921,NA54KGJ,0.35520650064468334
508,345.0,[1013.7260434883672 1193.4501863258874 1617.5611750220407 1752.1123762500615],[1207.0341796875 1534.235595703125 1393.9024658203125 1622.68212890625],0.6690768599510193,AR64DMV,0.25988087914470703
508,331.0,[788.2575292868876 1638.625647022212 1419.0674846027093 2113.389836476922],[989.348876953125 1976.2701416015625 1191.5518798828125 2060.1572265625],0.621513307094574,NA54KOJ,0.2699286519557312
509,345.0,[1003.9596400495868 1197.4117762595633 1613.736236460032 1757.3120730122882],[1207.8076171875 1537.5030517578125 1390.2476806640625 1628.30908203125],0.6494729518890381,AK64DMV,0.3234768511135108
512,345.0,[1001.5260028903025 1207.6687125223973 1615.6056749483796 1769.8180336410271],[1204.201904296875 1547.127685546875 1385.97216796875 1639.57470703125],0.6703813076019287,AX64DMV,0.2592862093243899
515,345.0,[990.3935352325927 1217.4241234872084 1604.7283095064056 1783.3700224704462],[1199.6287841796875 1572.82470703125 1377.263427734375 1652.853515625],0.620669424533844,AN64DMY,0.363509383256926
516,345.0,[988.1134315873564 1224.029383488555 1603.5430429810872 1792.539352623936],[1201.4505615234375 1575.560302734375 1377.6800537109375 1658.0244140625],0.6461127996444702,AK64DMV,0.34002260817890695
518,345.0,[980.5678345779784 1230.4152089554218 1597.219552164066 1800.399828396687],[1181.6575927734375 1582.631103515625 1371.816650390625 1665.0098876953125],0.642902135848999,AK64DMV,0.5570681842579959
520,345.0,[979.1661242640557 1234.3863188162497 1594.650935238314 1806.2482409390452],[1184.663818359375 1592.1163330078125 1370.9183349609375 1674.5555419921875],0.6297466158866882,AK64DMV,0.5275635290416051
521,345.0,[977.6789066942605 1235.8785960967814 1592.8811636720825 1808.2363784975726],[1179.3677978515625 1593.9521484375 1365.7142333984375 1682.1104736328125],0.6548593640327454,AK64DMV,0.3109134969177513
522,345.0,[973.6080448605082 1240.2242296172867 1589.2450042634325 1813.175068824943],[1186.0531005859375 1601.2327880859375 1362.1900634765625 1688.9161376953125],0.6416868567466736,AK64DMV,0.7525145926860551
524,345.0,[967.6624032999423 1249.3539478814628 1584.886915286271 1827.0184557309312],[1168.2154541015625 1606.798095703125 1351.65673828125 1700.2587890625],0.6845449209213257,AK64DMV,0.6527732030315748
525,345.0,[962.0073669132445 1255.658513955682 1581.0396679834662 1835.793149702639],[1167.460693359375 1617.3775634765625 1353.74853515625 1704.8682861328125],0.6332932114601135,AK64DMV,0.8182325737581561
526,345.0,[957.1771177041251 1258.3247503605678 1578.8557307281849 1839.7997454709246],[1165.02978515625 1618.248779296875 1360.140380859375 1708.594482421875],0.6612321138381958,AK64DMV,0.8983912179510194
527,345.0,[953.6193140154417 1261.9887201466574 1579.452015626988 1844.6499252873539],[1171.316162109375 1623.5072021484375 1359.7095947265625 1709.8297119140625],0.6778842210769653,AK64DMV,0.7011421387684993
528,345.0,[942.6998921592531 1264.559526531358 1575.3636971057995 1849.5126629898962],[1160.6026611328125 1629.9627685546875 1356.330322265625 1717.3472900390625],0.670840859413147,AK64DMV,0.5447284122542103
529,345.0,[939.0966887320517 1267.1540960803504 1575.691775898112 1853.995084972385],[1164.976318359375 1633.857421875 1345.400390625 1718.994140625],0.6457864046096802,AK64DMV,0.8680441357944219
530,345.0,[940.1300450770547 1269.7502101521156 1575.159976287497 1857.4428455468344],[1166.9818115234375 1641.369873046875 1343.1229248046875 1725.164794921875],0.655002236366272,AK64DMV,0.45760291626856564
531,345.0,[938.049385034004 1274.9440209434142 1573.4877418015863 1864.1145978061531],[1164.6331787109375 1646.8194580078125 1338.548583984375 1728.0267333984375],0.654598593711853,AK64DMV,0.8389416995047216
534,345.0,[931.5468835313179 1286.1188224163243 1570.267216893222 1882.855637371195],[1150.8446044921875 1657.58984375 1338.57421875 1750.5155029296875],0.703551173210144,AK64DMV,0.4164413828141508
534,614.0,[2320.758520679613 1218.8049526282452 2875.086392289255 1683.1376267979294],[2507.531982421875 1529.950927734375 2674.802490234375 1606.02685546875],0.5649771094322205,EF10DZT,0.4256246083072413
535,345.0,[928.9308733367 1289.6721226298969 1568.719929351398 1887.6561236334096],[1152.457763671875 1660.771728515625 1341.346435546875 1751.77734375],0.6573850512504578,AK64DMV,0.5985707375891892
536,614.0,[2322.1904607304086 1225.7789787782963 2875.481582980543 1689.1500207452796],[2510.55615234375 1539.0633544921875 2675.54150390625 1608.5811767578125],0.5817385315895081,EF10DZT,0.5112915546065673
539,345.0,[912.9250382719638 1305.6324408980595 1562.830988696377 1908.551553223468],[1144.1280517578125 1683.5589599609375 1334.4046630859375 1770.9376220703125],0.6513102650642395,AK64DMV,0.9076233543209922
541,345.0,[906.8658163970324 1312.8217431494195 1562.875424990512 1917.5368115750525],[1135.58056640625 1692.91845703125 1332.0479736328125 1778.726806640625],0.6716188192367554,AK64DMV,0.5241060792691214
542,345.0,[904.7790307073888 1316.0984784665902 1562.1451152085442 1924.1483084833085],[1135.042236328125 1694.3360595703125 1332.0340576171875 1786.4666748046875],0.6769139766693115,AK64DMV,0.7482012448744173
543,345.0,[901.3347469025246 1320.9034466375726 1560.8037193817902 1930.4115819855144],[1131.32177734375 1702.931884765625 1331.6685791015625 1795.4188232421875],0.6911097168922424,AK64DMV,0.7158049966125372
544,345.0,[899.8682324149818 1323.4595858188516 1560.5456500074556 1934.5419499463949],[1124.2960205078125 1706.1024169921875 1330.3892822265625 1796.7344970703125],0.7000143527984619,AK64DMV,0.9446191776047439
545,345.0,[897.087584646456 1326.523413026323 1559.75663077435 1938.7473526943472],[1123.8883056640625 1716.148681640625 1327.89404296875 1798.8856201171875],0.6399099230766296,AK64DMV,0.48902653649100125
546,345.0,[892.5610443192081 1330.9496605271413 1558.0424353728076 1945.2223766520035],[1124.81982421875 1720.7684326171875 1327.2315673828125 1803.9913330078125],0.6871296167373657,AK64DMY,0.35242154999233144
546,614.0,[2326.8058385797535 1259.6923385044247 2880.632353448637 1741.629718927857],[2511.084716796875 1577.0855712890625 2683.316162109375 1652.8560791015625],0.5672173500061035,EF10DZT,0.2010268408767717
547,345.0,[891.4548917185168 1334.1729770112056 1558.9604053065198 1950.6180610493384],[1127.3936767578125 1724.5220947265625 1325.75244140625 1806.05419921875],0.6754727363586426,AK64DMV,0.72918865068159
548,345.0,[886.5492783445229 1340.236862513866 1556.3792405479721 1959.915656697327],[1121.5830078125 1727.2060546875 1322.8470458984375 1817.300537109375],0.6722710728645325,AK64DMV,0.7803898099889922
549,345.0,[885.2590909788076 1344.6022571598332 1557.3312147714287 1967.0381292095567],[1121.547607421875 1736.1068115234375 1319.449462890625 1820.855712890625],0.6816909909248352,AK64DMV,0.7523630556641353
549,614.0,[2329.459750398949 1271.183951651076 2888.8524789672874 1756.3126651637538],[2517.088623046875 1589.433837890625 2688.41552734375 1659.7939453125],0.5734692215919495,EF10DZT,0.5919547862388724
551,614.0,[2328.7651101008896 1275.9700867047195 2891.867596230197 1764.965733208107],[2522.634521484375 1599.668701171875 2688.637939453125 1667.150390625],0.6125808954238892,EF10DZT,0.3841379219274829
552,614.0,[2329.3882106461742 1275.145590404553 2894.944386670625 1768.5071138421479],[2512.4541015625 1600.1619873046875 2689.591796875 1675.0374755859375],0.6361942887306213,EF10DZT,0.31724307987756073
553,345.0,[878.241686077384 1361.0101908804775 1553.9155250761885 1990.767385307662],[1110.0380859375 1752.9862060546875 1306.3348388671875 1846.8804931640625],0.711334228515625,AK64DMV,0.3636676250342194
553,614.0,[2328.9066771816097 1277.706229669748 2895.416801125072 1774.183613707048],[2520.969970703125 1603.8848876953125 2684.273681640625 1676.3529052734375],0.5997878909111023,EF10DZT,0.6133182617111529
554,345.0,[878.4177626211879 1366.590550312576 1554.4147874327161 1997.441365189889],[1114.4593505859375 1765.367919921875 1304.31884765625 1847.5885009765625],0.6545603275299072,AK64DMV,0.5111009225090212
555,345.0,[876.980768020616 1370.3212706953504 1552.0135250370422 2002.550951606102],[1105.4384765625 1769.5162353515625 1304.4847412109375 1854.36181640625],0.6709151864051819,AK64DMV,0.6107721494359326
557,345.0,[867.740077089328 1378.0253282087847 1545.8187650709613 2013.5481900978775],[1104.364013671875 1778.5555419921875 1302.90673828125 1868.85107421875],0.6505163908004761,AK64DMV,0.5725854384395379
557,614.0,[2329.7461957583077 1292.2688622882883 2896.6080927333437 1799.6573827751777],[2529.71728515625 1623.3936767578125 2695.2578125 1699.7318115234375],0.595345139503479,EF10OZT,0.6049715663837335
560,345.0,[858.5656184219122 1394.426243836654 1541.7286956553228 2033.1087924189433],[1103.7723388671875 1796.79345703125 1301.4727783203125 1887.685546875],0.6725292801856995,AK64DMV,0.6894547139958889
561,345.0,[856.3195674391343 1398.8115931954749 1540.529738928887 2040.0520149329386],[1096.2996826171875 1801.7398681640625 1302.6976318359375 1891.7091064453125],0.6705820560455322,AK64DMV,0.5078351332826092
562,345.0,[854.6398476718014 1401.0618253836572 1538.5805980789996 2045.464887575614],[1103.4407958984375 1812.0462646484375 1297.092041015625 1897.4364013671875],0.6433252096176147,AK64DMV,0.4232840369250748
563,345.0,[853.1182911652606 1406.0543046158368 1536.9151210886755 2051.983565084868],[1092.3702392578125 1815.362548828125 1299.065185546875 1903.206298828125],0.6597033739089966,AK64DMV,0.4124577818193473
564,345.0,[851.4294916459949 1412.5531536558274 1537.7886257598539 2060.558284353947],[1084.149169921875 1820.15185546875 1300.664794921875 1912.581298828125],0.6708250045776367,AK64DMV,0.7778145227348254
565,345.0,[849.2608777579208 1415.8421848421774 1538.1956835638262 2066.4602172443374],[1084.4261474609375 1825.80322265625 1293.2777099609375 1914.64453125],0.6483773589134216,AK64DMV,0.6030631437986538
566,345.0,[846.629767092558 1421.565305494902 1540.9391686577835 2075.773106590578],[1088.27783203125 1832.7198486328125 1296.7666015625 1923.0955810546875],0.6852495670318604,AK64DMV,0.7172125322155891
567,345.0,[844.0509262086839 1426.0760573958903 1541.5045667109212 2083.2054270458484],[1082.1446533203125 1834.7784423828125 1293.471435546875 1933.1097412109375],0.6855321526527405,AK64DMV,0.8638713268019951
568,345.0,[840.7069923487416 1429.1392381755406 1539.7801855187527 2089.091105181832],[1081.2535400390625 1837.850830078125 1293.163330078125 1938.158935546875],0.6968665719032288,AK64DMV,0.4742485861233758
569,345.0,[835.234832434802 1433.2780297469299 1536.07842783613 2095.049065518099],[1075.108154296875 1844.009765625 1291.217041015625 1943.854248046875],0.697312593460083,AK64DMV,0.6076969280752365
570,345.0,[835.0706659565686 1440.1430184040191 1535.3549340761265 2101.2965691163263],[1078.02392578125 1858.7420654296875 1287.8455810546875 1944.6617431640625],0.6643266677856445,AK64DMV,0.845780612871437
