frame_nmr,car_id,car_bbox,license_plate_bbox,license_plate_bbox_score,license_number,license_number_score
0,3.0,[752.2139282226562 1369.3121337890625 1429.306396484375 1984.0484619140625],[974.4611206054688 1768.669921875 1194.239990234375 1853.04638671875],0.5941417813301086,NA13NPU,0.22466477610606242
0,5.0,[2195.68017578125 1157.049072265625 2786.025390625 1736.6319580078125],[2422.919677734375 1559.484375 2572.29931640625 1633.60107421875],0.5582150220870972,NW51TSU,0.34835388576939946
1,3.0,[750.7361611137771 1374.2024759570897 1425.7283942006075 1991.5582482831967],[968.8494873046875 1773.3828125 1190.5455322265625 1856.1435546875],0.5973535776138306,NA13MRU,0.1796108949872436
3,5.0,[2196.2372782832813 1175.8811493041585 2788.1997702847334 1758.253081550407],[2416.69921875 1575.0118408203125 2582.260009765625 1651.5557861328125],0.543750524520874,ML51VSU,0.2579993349721314
4,5.0,[2190.989072050784 1176.1740909848154 2790.6104984748094 1763.8227498365113],[2418.57861328125 1576.758544921875 2581.12353515625 1650.700927734375],0.5871025323867798,NW51VSU,0.0652516225701482
5,3.0,[734.6443230181643 1397.6586203308293 1430.6789298601607 2030.8299012542266],[959.1536865234375 1807.6962890625 1186.7244873046875 1890.242431640625],0.5812435746192932,NA13NRU,0.29784929814692995
6,3.0,[728.0337575031097 1403.83480633411 1424.2459646774284 2040.4387440817568],[963.2340087890625 1818.9375 1165.388671875 1895.47119140625],0.5127829313278198,NA13NRU,0.26756586482367
8,3.0,[719.3434197221318 1413.5827939792998 1421.7870360577076 2058.188679931256],[959.7381591796875 1834.604736328125 1172.9027099609375 1907.7052001953125],0.5481569766998291,NA13NRU,0.41548948676147524
9,3.0,[710.608346164253 1419.0849493837231 1416.7056690959453 2066.5472349821644],[949.8286743164062 1836.8865966796875 1165.2093505859375 1923.15380859375],0.5784957408905029,NA13NRU,0.4208678175530638
10,3.0,[701.9183941441956 1423.5520287318166 1410.7906346373393 2073.1104536733965],[946.8058471679688 1839.2054443359375 1167.224365234375 1926.478271484375],0.33369264006614685,NA13NRU,0.25994455827682855
12,3.0,[693.6689187063696 1439.99922087655 1407.0168642439041 2092.1357205653876],[956.0769653320312 1869.71044921875 1144.6048583984375 1942.86474609375],0.5311470627784729,NA13NRU,0.26103234234787714
13,3.0,[691.5624778117378 1442.5360908699076 1406.7009578627637 2097.0175813748174],[951.2486572265625 1871.0086669921875 1147.3441162109375 1946.7901611328125],0.5429808497428894,NA13NRU,0.4039326432486834
14,3.0,[688.0376136360874 1449.704772056472 1402.958979369665 2104.74416339259],[956.4891357421875 1887.15234375 1141.365234375 1957.388671875],0.5519900918006897,MA13NRU,0.2015757318150289
15,5.0,[2199.2585301818663 1221.2814107649913 2821.1414735785247 1828.029113937613],[2429.974365234375 1644.195556640625 2594.7978515625 1715.5810546875],0.6082530617713928,NV51VSU,0.49353319377422245
15,3.0,[683.2487488055276 1458.2164735531394 1400.7607942534582 2112.3877397516294],[935.26904296875 1886.6661376953125 1157.4598388671875 1973.6943359375],0.5674313306808472,NA13NRU,0.2933693812874687
16,5.0,[2200.06399442003 1225.680458770577 2822.847504728721 1833.4892359096257],[2427.88330078125 1646.6348876953125 2596.5703125 1722.9656982421875],0.621796190738678,MW51VSU,0.13766908827110502
17,3.0,[674.2133998037159 1470.438295734535 1397.2895691068695 2125.7361144064816],[915.65185546875 1897.03125 1145.0054931640625 1981.3359375],0.541548490524292,NA13NRU,0.11387461881586017
18,3.0,[671.2372520464119 1482.4173998780932 1393.947252906437 2136.6763561549533],[915.6857299804688 1915.630126953125 1140.7706298828125 1994.087158203125],0.550531804561615,NA13NRU,0.6375034809057147
19,3.0,[669.5854546115619 1491.0206933424429 1394.0743691189946 2143.5322410779486],[930.9837036132812 1917.9039306640625 1129.318603515625 1998.5142822265625],0.5483497381210327,NA13NRU,0.5583406658823518
20,3.0,[666.3378608851226 1496.8748745007006 1392.744689803254 2148.6518331313628],[930.364013671875 1930.319091796875 1141.0096435546875 2011.096435546875],0.5850465297698975,NA13NRU,0.2224265665214912
21,3.0,[660.3425120382024 1506.1709346340085 1388.3615755873732 2153.3481530219824],[901.8092651367188 1934.5224609375 1130.6690673828125 2025.267333984375],0.5996658205986023,NA13NRU,0.4155178436938272
21,5.0,[2204.643473664717 1252.4664107735002 2842.488283112585 1872.0854250397242],[2435.95751953125 1681.16064453125 2615.798583984375 1758.306640625],0.586431622505188,CD51VSU,0.1715260170064919
23,3.0,[652.4759620372145 1515.6715072408074 1383.469881110879 2156.154376269189],[911.3798217773438 1958.1300048828125 1134.6864013671875 2038.95458984375],0.5714389681816101,NA13MRU,0.8409988583600126
24,5.0,[2208.2419945735896 1266.4767150765879 2855.289401815115 1894.0031230895293],[2447.6611328125 1698.626953125 2616.55615234375 1777.4029541015625],0.5596683621406555,MT51VSU,0.3126153684263244
24,3.0,[649.9763496733592 1520.5254345162427 1381.850719372083 2156.1908300752616],[915.9863891601562 1971.8082275390625 1110.4263916015625 2044.4007568359375],0.4985117018222809,NA13NRU,0.3684536436427626
25,5.0,[2208.0177960637843 1266.872760223231 2858.5489975323676 1898.762905329472],[2447.617431640625 1704.8221435546875 2623.445068359375 1788.8748779296875],0.6151807308197021,MT51VSU,0.1408639970743979
25,3.0,[648.2378877116668 1525.916712742447 1380.4295981077776 2156.275051636594],[893.6976928710938 1976.90087890625 1129.59423828125 2056.74365234375],0.6016313433647156,NA13MRU,0.2975571454975227
26,3.0,[645.1773119022273 1533.234984585047 1380.250316110515 2157.465351387762],[897.741943359375 1983.123779296875 1127.5048828125 2067.99609375],0.5902883410453796,NA13NRU,0.2162859068209492
28,3.0,[639.9583885678433 1546.5656596141173 1378.9820637660796 2156.873077250839],[896.212646484375 2003.135009765625 1128.19482421875 2082.476806640625],0.572606086730957,NA13MRU,0.32119236657935274
29,5.0,[2208.7001138856176 1278.6589216618463 2864.639476837716 1928.2745242870396],[2449.91015625 1736.9183349609375 2627.87548828125 1810.5384521484375],0.6182131171226501,HV51VSU,0.1163010164341414
29,6.0,[1170.5445795075098 1095.5047368883788 1720.5147358227337 1542.175976140546],[1373.7747802734375 1364.5030517578125 1517.6246337890625 1436.1463623046875],0.4558570086956024,GM15OCJ,0.08588731449939802
33,3.0,[622.1022323201222 1584.9490593434718 1364.8301209512165 2156.161302783086],[854.8890380859375 2061.0322265625 1104.470947265625 2141.192626953125],0.46768826246261597,NA13NRU,0.4143513007826405
35,5.0,[2217.917959393465 1315.3028505081277 2875.3459328066747 1976.5231378814112],[2455.05322265625 1774.811279296875 2641.426025390625 1855.01806640625],0.5993062257766724,IJ51ISU,0.032113722126488164
35,3.0,[604.508445303032 1600.1792888287519 1357.9273834708629 2156.8981377686846],[871.1390991210938 2084.24560546875 1101.595947265625 2147.209716796875],0.4154168367385864,MA13NRU,0.4753350143699631
43,5.0,[2221.1178697760147 1369.7065863149578 2899.373534734055 2045.8264001556972],[2464.131103515625 1831.2242431640625 2658.96630859375 1914.2728271484375],0.6186820864677429,LE51NSU,0.025409922315317832
45,6.0,[1125.021164984444 1153.0220123150739 1706.800096097984 1615.162752596636],[1343.89501953125 1437.6763916015625 1477.252197265625 1512.3284912109375],0.5431205034255981,GY15OGJ,0.2081932154338151
46,6.0,[1121.8966336549538 1157.6019675361067 1705.5814664099817 1621.049001763226],[1337.8385009765625 1443.268798828125 1481.4525146484375 1515.7840576171875],0.5499179363250732,GY15OCJ,0.22547865455460014
47,6.0,[1121.098037098658 1161.0901154791882 1707.9979455453404 1626.076242475921],[1339.10009765625 1452.1572265625 1484.747314453125 1514.31201171875],0.49879515171051025,GY15OGJ,0.3820622077186657
48,6.0,[1118.8241179778304 1164.41238835971 1707.819544372949 1631.931524332928],[1339.333984375 1456.543212890625 1480.451904296875 1519.34765625],0.5436299443244934,GY15OGJ,0.3542966692995928
49,6.0,[1115.2632478008263 1167.894880703207 1705.2933616411497 1636.5150741593093],[1339.0850830078125 1457.7880859375 1483.961669921875 1525.133544921875],0.5819889903068542,GX15OCJ,0.25356124491428644
50,6.0,[1115.435392160805 1171.1425716232966 1711.2535838910949 1643.0076240435278],[1346.1207275390625 1465.211181640625 1484.2972412109375 1537.923828125],0.5207390785217285,GX15OGJ,0.4965015045729265
52,5.0,[2233.9035726464417 1411.6496432624563 2941.721267912638 2110.778893316396],[2483.81005859375 1899.3797607421875 2683.0478515625 1984.0968017578125],0.6249836683273315,HV51VSU,0.37743771019539724
53,6.0,[1106.3678468798612 1182.0724925853242 1707.1824457242878 1663.2287349567732],[1334.268310546875 1472.871826171875 1480.0264892578125 1544.713623046875],0.3367093801498413,GX15CGJ,0.0862354977666127
55,6.0,[1100.210150340364 1186.8037548844995 1704.9648912885375 1672.1158107694164],[1321.01953125 1488.7215576171875 1471.896240234375 1558.1448974609375],0.5454742908477783,GX15OGJ,0.2682487035646191
57,6.0,[1089.7714546930483 1195.1037572008377 1703.4033263593974 1681.145107226554],[1315.3802490234375 1504.595947265625 1472.5924072265625 1565.811767578125],0.4471082389354706,GX15OCJ,0.3908455756633652
58,5.0,[2237.3237449777694 1453.820920013749 2954.1009297979213 2148.517867590938],[2495.93408203125 1948.0982666015625 2696.98095703125 2041.2169189453125],0.6402009725570679,MT51VSU,0.2618918865290466
59,5.0,[2241.611336282865 1458.0154758724314 2957.1738404237362 2149.449228660017],[2501.07958984375 1963.75244140625 2700.190673828125 2050.11376953125],0.5949718952178955,WT51VSU,0.12262553693462788
61,6.0,[1079.925416993749 1213.708380325204 1704.3960966494342 1701.6314981296405],[1315.967041015625 1499.8179931640625 1460.4283447265625 1584.6998291015625],0.26607704162597656,GX15OGJ,0.42996927650333433
62,5.0,[2245.8675469784566 1475.9850265991847 2958.4438154121453 2151.835680336201],[2508.080078125 1982.7015380859375 2714.0634765625 2074.182373046875],0.6487957239151001,MT51VSU,0.4013395135302686
64,5.0,[2252.969528322957 1491.1633593023957 2962.9483438279162 2150.222959143539],[2510.244384765625 2001.128173828125 2720.490966796875 2089.055419921875],0.6796735525131226,MT51VSU,0.10742198225384506
67,6.0,[1071.1097594296032 1239.6919194948932 1694.1163773497176 1728.9709866365938],[1296.408447265625 1543.5234375 1472.521484375 1612.837646484375],0.5017345547676086,GX15OGJ,0.10327586924007244
68,6.0,[1069.1705287885502 1245.1067936499578 1693.7155185673969 1735.7891877078566],[1300.9764404296875 1549.13671875 1482.68994140625 1623.99462890625],0.41545236110687256,GX15OGJ,0.27247954930285057
69,6.0,[1069.167648107626 1250.861072861271 1695.0567762090582 1744.3349047526674],[1294.0421142578125 1553.5755615234375 1469.171875 1632.0303955078125],0.5513625741004944,GX15OGJ,0.2556948428814599
70,6.0,[1064.8521680508297 1256.588664031563 1691.4127723462666 1752.0010225486608],[1300.953857421875 1560.7913818359375 1475.129638671875 1637.7652587890625],0.3272796869277954,GX15OGJ,0.3015761402618839
72,5.0,[2271.262505422428 1543.1962732006607 2992.2550584338605 2155.39850573866],[2537.570068359375 2077.09228515625 2743.906494140625 2155.13916015625],0.6067808270454407,MT51VSU,0.7033531584585698
72,6.0,[1053.9169370245718 1263.3545880773509 1686.884871882491 1762.6433611418192],[1285.930419921875 1577.1221923828125 1452.8065185546875 1647.4661865234375],0.5150945782661438,GX15OGJ,0.2502974380666353
75,6.0,[1049.2421068850222 1277.4355173083557 1682.254164813682 1779.5236230238845],[1289.3614501953125 1600.740966796875 1439.14208984375 1665.671630859375],0.5367803573608398,GX15OGJ,0.3936827344807822
76,6.0,[1046.2796275479554 1279.0588250096555 1685.6387087150642 1782.6676761881783],[1278.4967041015625 1599.03515625 1448.9268798828125 1670.969970703125],0.5763678550720215,GX15OGJ,0.35238716568518197
76,8.0,[1214.3943133185992 962.6185471290615 1655.3071167155056 1342.0396821352],[1371.076904296875 1184.697265625 1481.6180419921875 1251.636474609375],0.3361811339855194,KR35ZTR,0.07926568349488775
77,6.0,[1043.3259624263515 1282.2461122218579 1687.0488812027825 1789.9151913559408],[1280.242431640625 1602.3004150390625 1437.7935791015625 1680.5120849609375],0.6118959784507751,CX15OGJ,0.18347960334683758
77,8.0,[1212.2829041542598 966.831525669261 1652.0311024789364 1343.6840990861876],[1360.941650390625 1194.6724853515625 1470.520751953125 1257.944580078125],0.39470675587654114,KH13SZN,0.036738008936402854
79,8.0,[1210.501458366855 976.2358344343744 1650.1533362456983 1354.9481205212032],[1358.549560546875 1199.110595703125 1476.1923828125 1261.215576171875],0.304024338722229,KJ05ZTK,0.10477817709271471
80,6.0,[1029.3994062313564 1297.034976580694 1682.8499679976835 1810.645376736628],[1263.6240234375 1626.2691650390625 1437.6932373046875 1699.4820556640625],0.5648788809776306,GX15OGJ,0.20795544611266198
82,6.0,[1017.2266078047057 1308.0690224008831 1678.7972729453352 1825.256072071625],[1259.18212890625 1629.5833740234375 1439.969482421875 1705.9991455078125],0.5492703914642334,GX15OGJ,0.3596797843192387
84,8.0,[1202.291200810373 988.3445836829073 1646.171397723696 1369.2800857619432],[1354.4217529296875 1213.1033935546875 1480.69921875 1269.8851318359375],0.34411686658859253,RH45ZIK,0.08546950994074853
85,6.0,[1005.4641780768638 1328.0433527880662 1681.3863540784778 1853.5818826681345],[1257.9854736328125 1651.5076904296875 1428.01611328125 1730.6378173828125],0.6031016707420349,GX15OGJ,0.24028717602297384
85,8.0,[1200.5467620793993 990.1566825951493 1644.2566169568822 1371.9459562119953],[1357.144775390625 1217.8839111328125 1477.219482421875 1268.0223388671875],0.28374412655830383,IH35ZIK,0.10564404636230261
90,6.0,[994.4153709718439 1348.5561536076789 1686.6831817181 1885.6024040438301],[1242.651611328125 1690.484619140625 1424.929443359375 1761.3592529296875],0.572917103767395,GX15OGJ,0.3122096783473421
93,6.0,[979.0731979911754 1366.1686248025756 1685.307085218339 1907.39514088204],[1235.311279296875 1709.03173828125 1403.1285400390625 1785.23583984375],0.553281307220459,GX15OGJ,0.40036935370502524
93,1.0,[2060.55618068372 1078.7100545284768 2543.2008118384724 1501.838236478962],[2228.58935546875 1339.371826171875 2370.374267578125 1415.5357666015625],0.42169278860092163,XP05JEO,0.20580490305270915
94,6.0,[976.5982146567544 1367.5754312685385 1686.8701482318247 1910.3287920237644],[1234.0906982421875 1714.7109375 1396.0489501953125 1792.029052734375],0.5692922472953796,GX15OGJ,0.38795699742844075
94,1.0,[2058.7413529672635 1079.591135844537 2542.724706714285 1505.2091165842648],[2225.883056640625 1346.1578369140625 2367.54736328125 1416.0191650390625],0.3713279068470001,AP05JEO,0.1964666038145437
95,6.0,[971.5248473147125 1371.8433978477942 1684.3359193107913 1919.0182162399715],[1230.1673583984375 1726.51171875 1408.2103271484375 1803.2080078125],0.6087559461593628,GX15OGJ,0.3347077032868512
95,8.0,[1182.6490111555588 1008.3738410650174 1630.2637224902298 1409.8245243046047],[1343.170166015625 1243.397216796875 1472.03466796875 1313.489990234375],0.38118040561676025,NK15ZIK,0.10360020100926895
96,6.0,[969.2307809171916 1379.23547803394 1683.2806895572385 1929.070897310353],[1231.8172607421875 1732.638427734375 1391.0970458984375 1803.55224609375],0.5939146280288696,GX15OGJ,0.3205778534813996
96,8.0,[1180.1296429683603 1015.6947225917612 1630.0081090230728 1417.1595219800943],[1339.6724853515625 1246.5543212890625 1464.154541015625 1312.2547607421875],0.3813242018222809,KK35ZIK,0.03663792089483556
96,1.0,[2058.9896037465587 1086.476054022753 2546.7016083764474 1512.6302886784151],[2237.82275390625 1364.8895263671875 2357.66015625 1417.6480712890625],0.2999008297920227,AP05JEC,0.1724810132942278
97,8.0,[1179.0497595466568 1020.0726518189277 1631.1499115691086 1420.410228151599],[1339.31103515625 1247.603515625 1468.03076171875 1315.19287109375],0.42200738191604614,KK45ZIX,0.11987398495785735
98,8.0,[1178.130645533104 1022.203283905584 1633.469870529392 1423.090957114483],[1333.657470703125 1250.830810546875 1460.4769287109375 1311.150390625],0.4063257575035095,KK05ZIK,0.16510046380931914
99,6.0,[957.1100278141425 1399.151420235941 1679.4339055989767 1957.7362716187915],[1215.203369140625 1750.0155029296875 1406.7899169921875 1830.2779541015625],0.5943139791488647,GX15OGJ,0.527467828738692
99,1.0,[2055.176921486928 1092.1339772721624 2550.258359806764 1523.751413650438],[2247.153076171875 1364.58251953125 2383.599609375 1433.5037841796875],0.3662748336791992,AF05JEO,0.2748904428745548
102,6.0,[946.8543568447135 1418.1360263335882 1675.000199524858 1980.5133016036593],[1210.18994140625 1783.8160400390625 1379.177978515625 1852.8988037109375],0.5492659211158752,GY15OCJ,0.413794387410442
102,1.0,[2056.2774705927623 1100.013687353741 2557.3519511176273 1540.8610371268321],[2241.18310546875 1376.57763671875 2375.970703125 1444.346923828125],0.4105685353279114,AP05JEO,0.6368639513201337
103,6.0,[946.1561366481324 1424.684670307532 1673.743988596524 1988.6862114199794],[1209.12158203125 1781.6524658203125 1386.225341796875 1856.6121826171875],0.615915060043335,GX15OGJ,0.20801721804702944
103,1.0,[2055.830860676897 1103.7082932515264 2558.3034568523517 1546.2693790754693],[2231.597412109375 1389.1944580078125 2373.404541015625 1453.7926025390625],0.25859034061431885,AP05JEO,0.65077980254141
104,1.0,[2054.0251759922685 1107.48761500022 2558.540095685862 1550.0300563918495],[2234.721923828125 1394.5059814453125 2384.239990234375 1458.947021484375],0.33552300930023193,AP05JEQ,0.34323638639001175
105,1.0,[2054.939336394538 1110.6095988092466 2560.5908332585545 1553.6469058313955],[2240.062744140625 1397.6748046875 2389.556396484375 1462.487548828125],0.25468409061431885,AF05JEO,0.22042994905943075
107,8.0,[1164.6338989384203 1049.6599210924896 1630.7849964893321 1449.0991856995665],[1337.1673583984375 1279.0565185546875 1464.218017578125 1348.322021484375],0.43677541613578796,LH05ZZK,0.07337588127324102
110,6.0,[927.6148882208017 1469.4652026783876 1664.046968712917 2047.766171728574],[1194.077392578125 1835.362060546875 1387.4686279296875 1911.812255859375],0.6381235122680664,GY15OGJ,0.2563499224604636
111,6.0,[925.9900803343868 1477.44036066089 1661.7875387797371 2057.2512507745096],[1184.48583984375 1843.5772705078125 1383.6474609375 1925.0592041015625],0.5813228487968445,GY15OGJ,0.7364840978277425
111,8.0,[1152.2817740863577 1057.931040019248 1624.994481094144 1470.0038971006843],[1316.9107666015625 1289.4947509765625 1463.1600341796875 1365.9083251953125],0.5364257097244263,KH35ZZK,0.22119012262910429
112,6.0,[924.587160551391 1483.0916385273558 1662.1378497627422 2064.0570854131925],[1189.6524658203125 1849.683837890625 1381.22900390625 1932.5438232421875],0.5908464789390564,GX15OCJ,0.33783896485757403
112,1.0,[2055.9668384144934 1133.01713180983 2569.916387598403 1580.6955611323497],[2234.853515625 1413.6746826171875 2377.3154296875 1489.0108642578125],0.38147473335266113,AP05JEC,0.2408594947109159
113,8.0,[1149.8793992993924 1061.0884588976576 1623.7981506213678 1475.7345261541202],[1312.05810546875 1296.147216796875 1462.01416015625 1363.96484375],0.5191560387611389,KH05ZIR,0.5289257565518296
114,1.0,[2055.6512334393415 1138.5930947409875 2576.523742649591 1588.287708052359],[2237.6259765625 1428.197998046875 2398.43359375 1503.4273681640625],0.47118425369262695,AF05JEO,0.49428937094219155
115,1.0,[2053.897414224674 1140.2343646476143 2577.375992945093 1591.514343725431],[2235.607421875 1432.97021484375 2402.720458984375 1511.1434326171875],0.5025702118873596,AF05JEO,0.28438904257935443
117,8.0,[1147.139992723312 1072.0381779326956 1620.8542656616487 1485.567087359079],[1310.06591796875 1317.520751953125 1444.2232666015625 1376.7015380859375],0.4661419093608856,KK45ZIK,0.2696025597759833
117,1.0,[2052.0290024603346 1147.285192608735 2579.5114870324305 1603.116958543293],[2236.60546875 1441.90185546875 2391.809326171875 1512.008544921875],0.4001433253288269,AP05JEQ,0.31860438239483774
118,8.0,[1146.270315194938 1074.5325191498014 1620.6136505457832 1488.542350066628],[1315.513916015625 1321.985595703125 1445.8388671875 1386.9913330078125],0.4479728043079376,KH05ZIK,0.17100177016089488
118,1.0,[2050.535077944364 1151.9661159709453 2580.5222201249594 1607.6645889569786],[2231.985595703125 1443.562255859375 2408.797119140625 1512.31396484375],0.4007450342178345,AP05JEO,0.1363706652090978
119,8.0,[1144.860033014698 1075.830119738379 1621.6552408884947 1490.824499697183],[1309.7852783203125 1314.974853515625 1447.4307861328125 1388.107177734375],0.5659373998641968,KH05ZIK,0.4421669237596543
119,1.0,[2052.6561872866505 1155.520211992815 2583.8931841613057 1612.3976697674843],[2250.375732421875 1451.9461669921875 2423.349609375 1516.1524658203125],0.3551398813724518,AP05JEO,0.2541505164259823
120,6.0,[883.1740950259322 1536.190506215919 1649.8299012607981 2123.615531522369],[1159.8787841796875 1921.31982421875 1346.87744140625 2001.30908203125],0.6507821679115295,GY15OCJ,0.3083981052953082
120,8.0,[1142.7358630094686 1079.6740079425413 1620.671983079263 1495.862137284731],[1305.5079345703125 1318.9134521484375 1447.802001953125 1392.52294921875],0.5418465733528137,KH05ZZF,0.06461822039851846
120,1.0,[2052.666254201016 1161.0215560483541 2586.899012552037 1620.1631974687991],[2238.767333984375 1447.447509765625 2409.957275390625 1528.1143798828125],0.508051872253418,AP05JEO,0.19327541436142798
121,6.0,[876.7923555851992 1542.7036397208885 1648.4437062567747 2130.756283957712],[1146.9539794921875 1924.0982666015625 1369.992919921875 2008.6439208984375],0.6491029262542725,GY15OGJ,0.17619534336810003
121,8.0,[1139.9937093711442 1081.5054489262295 1619.9780589623565 1498.1965129597304],[1303.0352783203125 1320.1766357421875 1439.59130859375 1394.487060546875],0.5269202589988708,KH05ZZI,0.30275230537159026
121,1.0,[2051.0273752701955 1162.9228629156755 2587.8687908945763 1625.296249618786],[2248.363037109375 1460.786865234375 2406.3662109375 1522.944580078125],0.2524631917476654,AF05JEO,0.14332460622634752
122,6.0,[872.7546257979714 1551.2472300577872 1647.4642354248392 2140.363443811005],[1144.8037109375 1930.8988037109375 1347.63916015625 2016.8148193359375],0.6092975735664368,GY15OCJ,0.49326405036239007
122,1.0,[2051.0155216932826 1166.59209328395 2590.0344770435995 1631.210738797392],[2244.55615234375 1453.6700439453125 2412.72314453125 1532.6258544921875],0.4774889647960663,AP05JEQ,0.259578881592455
123,6.0,[868.0027311503152 1558.4851602259687 1646.1885504053078 2147.242942412041],[1137.106201171875 1938.6925048828125 1350.968994140625 2033.1895751953125],0.6595269441604614,GX15OGJ,0.31330447475013457
123,1.0,[2046.0626538762338 1172.1894599000495 2589.376127209083 1637.2240153228183],[2256.902587890625 1457.3675537109375 2418.605224609375 1537.1802978515625],0.5360107421875,AP05JEQ,0.10029006905715565
124,6.0,[865.0536169409747 1563.0951012960568 1645.1810832358524 2150.596695878312],[1142.525146484375 1953.60400390625 1336.6351318359375 2035.909912109375],0.6523033380508423,GY15OCJ,0.5291018780667797
124,1.0,[2042.8820323333057 1175.7833163773241 2589.8206248917386 1641.3477260910756],[2247.847412109375 1467.3695068359375 2398.44287109375 1536.3087158203125],0.36206430196762085,AF05JEQ,0.41364216549034616
125,6.0,[862.8778941239249 1570.1053073955554 1645.6338304974634 2153.7668572643056],[1138.956787109375 1964.9688720703125 1334.3314208984375 2048.402587890625],0.6058526635169983,GY15OGJ,0.4627468935086316
125,1.0,[2044.6848987805336 1181.960901165188 2591.8851994116853 1646.54462331431],[2239.9951171875 1478.71142578125 2389.3388671875 1549.808349609375],0.44676634669303894,AF05JEC,0.33498108246414304
126,6.0,[857.1335950392299 1581.0037974679642 1644.851520671571 2156.9827442650612],[1130.6048583984375 1968.12451171875 1335.9854736328125 2064.699462890625],0.6053339838981628,GY15OGJ,0.6804033765606669
126,1.0,[2048.2081337974314 1186.3125155531375 2594.831610415 1652.2105279568377],[2250.230224609375 1486.781982421875 2414.086181640625 1558.010009765625],0.4465695917606354,AP05JEO,0.16785949605923053
127,6.0,[851.6798691891584 1588.0273955989746 1642.7030859244499 2157.1203834929474],[1134.6470947265625 1979.164306640625 1335.6617431640625 2066.015625],0.5938190221786499,GY15OGJ,0.6009076130602646
127,33.0,[2238.88865022646 1609.9147931999385 2962.6645617047166 2160.0440248331533],[2509.89111328125 1957.020263671875 2706.3193359375 2057.60009765625],0.25577202439308167,LM13VCV,0.3801356001661085
128,8.0,[1122.7688378002767 1097.1815767432088 1616.8181950904104 1526.2697878084994],[1287.6280517578125 1350.110595703125 1439.2606201171875 1420.412841796875],0.4849655330181122,NK05ZZK,0.24988005113172274
128,1.0,[2048.845735150303 1189.6905831215204 2596.11026895576 1658.3506332201127],[2240.906982421875 1483.4490966796875 2424.615966796875 1554.9722900390625],0.4391744136810303,AP05JEO,0.30602541692730384
128,33.0,[2240.937779080825 1613.8440725064268 2968.236318216468 2156.8775757335334],[2550.399169921875 1983.942626953125 2714.3876953125 2053.69580078125],0.3416396975517273,LM13VCV,0.337553643248994
129,6.0,[839.8143015182155 1601.5294657577933 1639.1262245601765 2155.447025613574],[1113.8675537109375 2004.0479736328125 1331.2413330078125 2092.1435546875],0.6539894938468933,GX15OGJ,0.3132711079186874
129,1.0,[2046.0247576842876 1193.7483225902483 2595.4197224834797 1664.3502019487937],[2262.613037109375 1496.8807373046875 2427.591552734375 1557.271484375],0.4467305541038513,AP05JEO,0.40132890563386014
130,6.0,[834.3938260621535 1609.2395473615804 1638.789676125552 2155.572919674808],[1109.944091796875 2007.6767578125 1315.87548828125 2103.67822265625],0.675926148891449,GY15OGJ,0.37126953923619116
130,8.0,[1118.8219974356955 1100.7481118223864 1615.6215041902972 1529.7023454091468],[1284.5391845703125 1355.96044921875 1428.7607421875 1423.4749755859375],0.4813458025455475,YH05ZZK,0.6504615236822872
130,1.0,[2048.2811455599476 1196.6153456603563 2598.0117616246707 1669.6726942784305],[2263.987548828125 1502.97802734375 2437.69921875 1569.4779052734375],0.45422595739364624,AP05JEO,0.18367597399071872
130,33.0,[2244.1354766066092 1623.0815410196947 2978.924712456234 2152.378686476805],[2514.381103515625 1981.792236328125 2714.4794921875 2090.5546875],0.3396463394165039,LH13VCV,0.5856393610717713
131,33.0,[2244.261329417399 1629.8109527145812 2983.376622096187 2151.6933949733098],[2519.6669921875 2001.747802734375 2717.1337890625 2099.766357421875],0.5248733758926392,LM13VCV,0.39331784979996387
131,1.0,[2047.3781240546805 1200.88718305733 2599.623599135516 1675.0262443848444],[2260.251953125 1505.4781494140625 2433.158447265625 1576.0477294921875],0.4715592563152313,AP05JEO,0.1356780010870752
131,8.0,[1116.87459486358 1105.4122678302372 1615.4158720808512 1532.9088703832056],[1279.88134765625 1360.5330810546875 1420.3338623046875 1425.467041015625],0.470153272151947,YH05ZZX,0.3343025372736927
132,33.0,[2244.486144193912 1637.2915989240985 2984.727705517428 2151.6226447835434],[2520.796142578125 2008.336669921875 2722.363037109375 2099.4140625],0.6119638085365295,LN13VCV,0.3208221091004859
132,6.0,[831.9824890598649 1624.0752785206143 1635.865994358067 2156.9141661674016],[1107.89990234375 2037.1175537109375 1329.6307373046875 2116.99462890625],0.5952221155166626,GX15OGJ,0.34294528332579327
132,1.0,[2045.4926217569339 1206.142712433726 2600.6970071519836 1680.9327389813598],[2255.54150390625 1500.513427734375 2435.87109375 1581.1728515625],0.5819823741912842,AP05JEO,0.28018223602183373
133,33.0,[2244.04137333874 1643.6137837102244 2985.3827156297352 2152.254901842517],[2524.517578125 2003.7139892578125 2720.7275390625 2102.76953125],0.6061592102050781,LH13VCV,0.322653866010009
133,1.0,[2045.1571453533018 1209.0979696015343 2603.5561407822815 1683.71390850755],[2260.173583984375 1500.0604248046875 2442.066162109375 1583.0145263671875],0.556158185005188,AP05JEO,0.262942322367314
133,8.0,[1112.5067804771352 1113.8287714104363 1616.7063141425738 1542.2207235397914],[1278.344970703125 1366.374755859375 1423.5972900390625 1441.62548828125],0.5471026301383972,KH05ZZK,0.44809596666593043
134,1.0,[2044.0055372912248 1211.5649765899182 2604.5205317926275 1686.6787298147135],[2247.4638671875 1506.85986328125 2410.00439453125 1583.403076171875],0.3928942084312439,AP05JEO,0.5555570374328578
135,33.0,[2243.2023057582687 1660.4717786805256 2989.089856843442 2159.403925552816],[2506.605712890625 2034.636962890625 2736.864501953125 2139.0849609375],0.6528639793395996,LM13VCV,0.2998942815195916
135,6.0,[815.0230576243003 1647.15686006041 1619.9036347897986 2162.915164579255],[1092.54052734375 2069.230224609375 1301.638916015625 2146.54052734375],0.5922369956970215,GX15OGJ,0.2779601707501358
135,1.0,[2042.6461306616238 1215.161550033854 2606.4545789398253 1691.0167831161234],[2246.026611328125 1518.444580078125 2424.72265625 1590.0450439453125],0.33530160784721375,AP05JEO,0.36890956210495446
136,33.0,[2245.322157489828 1667.950328359005 2990.5725331848616 2162.2727755267756],[2517.6533203125 2045.1104736328125 2743.421875 2142.172119140625],0.6467825770378113,LM13VCV,0.16958640836702313
136,1.0,[2042.4177951168103 1218.4111025610964 2609.840447844641 1694.9925223493683],[2259.79248046875 1512.068115234375 2438.237548828125 1594.1495361328125],0.5278249979019165,AP05JEO,0.2777753708823778
136,6.0,[810.989059739589 1653.1264762238552 1617.4777680005311 2163.0060443832053],[1096.6246337890625 2070.9716796875 1289.7012939453125 2145.294189453125],0.3115421533584595,GX15OGJ,0.43582449231774567
136,8.0,[1101.7430830714627 1124.6049603869367 1609.4024368850412 1558.7428241698674],[1274.571044921875 1379.1153564453125 1417.6812744140625 1453.1265869140625],0.3884722590446472,XH05ZIK,0.2501791925789038
137,33.0,[2248.6904681943806 1674.8518474430819 2995.3340302839633 2161.5741056879647],[2525.884765625 2060.745361328125 2744.246337890625 2149.078369140625],0.6449518203735352,LM13VCV,0.4319040694413016
137,1.0,[2042.1415828534969 1222.85898311196 2613.348349842436 1700.8096917114938],[2264.2587890625 1526.411865234375 2441.874755859375 1606.5714111328125],0.5440954566001892,AP05JEO,0.4173817941512924
138,33.0,[2250.864968276603 1682.6143150243806 2996.963694262458 2161.129264086282],[2529.919921875 2067.0908203125 2742.473876953125 2155.811279296875],0.6399788856506348,LM13VCV,0.3837096646299089
138,8.0,[1096.7167104246287 1127.0390533307684 1605.6355151007588 1564.9600698514093],[1258.8980712890625 1386.8541259765625 1419.7935791015625 1459.8948974609375],0.5475769639015198,KH05ZZK,0.11749571360568703
138,1.0,[2045.3752737162692 1228.3097302577653 2617.284680979582 1706.941037842017],[2262.6240234375 1533.919189453125 2440.598876953125 1607.81396484375],0.4596669375896454,AP05JEO,0.424799511817359
139,33.0,[2253.763649602317 1690.0529882159744 2998.5971408586647 2162.9491758299223],[2527.62451171875 2078.240966796875 2744.161376953125 2156.468017578125],0.5766173005104065,LM13VCV,0.4265627167819855
139,8.0,[1094.419571765532 1127.5441267270353 1605.293108764421 1567.7482098430273],[1259.6143798828125 1392.30078125 1415.54541015625 1465.5794677734375],0.5338404178619385,KH05ZZK,0.2555465781530015
139,1.0,[2048.66598268882 1231.382995715372 2620.3612761738887 1710.2109998213664],[2243.903564453125 1525.94384765625 2438.641357421875 1609.941650390625],0.5126624703407288,AP05JEO,0.39218576716011905
140,8.0,[1089.6873060377684 1129.2217300403604 1602.0346337794913 1572.4217102683829],[1261.946044921875 1397.7886962890625 1410.6474609375 1466.4620361328125],0.5134432315826416,KH05ZZK,0.49344833308542313
140,1.0,[2051.0010978721484 1233.2508495960706 2624.528208139841 1716.0378734692617],[2262.9765625 1538.9820556640625 2439.96337890625 1613.4752197265625],0.49491456151008606,AP05JEQ,0.11091014710083238
141,1.0,[2050.513173267768 1237.748130535595 2626.0924045519855 1724.1578653436868],[2257.6083984375 1550.3887939453125 2434.406982421875 1620.2508544921875],0.5012692213058472,AP05JEO,0.6321134739781414
141,8.0,[1084.512582873938 1131.9249911339875 1596.8266414269522 1577.8306894949424],[1255.57666015625 1407.3271484375 1402.1602783203125 1466.942138671875],0.4501861333847046,KH05ZIK,0.23382062508184473
142,1.0,[2050.692837642881 1239.8875707316038 2628.5335417688943 1729.6233987279757],[2254.66064453125 1542.740478515625 2440.1640625 1625.0665283203125],0.5663357973098755,AP05JEO,0.11736523687480618
143,8.0,[1078.3622466690854 1140.411402484443 1592.012340616709 1585.2978744229945],[1246.9564208984375 1412.9049072265625 1405.6898193359375 1483.6685791015625],0.49845969676971436,KH05ZZK,0.2838844062565088
145,1.0,[2047.9525621366602 1251.9973194987447 2636.1938980762043 1750.2426886423905],[2267.634765625 1565.7099609375 2455.472412109375 1645.072265625],0.3104764521121979,AP05JEO,0.1377002507251365
146,8.0,[1072.0030663647444 1153.6124870580363 1586.8795715326487 1599.9476963730278],[1239.70166015625 1422.158935546875 1397.10498046875 1496.467529296875],0.5463468432426453,KI05ZZK,0.11498055090704133
146,1.0,[2048.305747828167 1256.8083548963955 2638.431391955949 1757.3871421989738],[2268.609375 1574.102783203125 2453.75390625 1654.288330078125],0.4661860764026642,AP05JEO,0.14238875231763776
147,1.0,[2048.5806602046246 1260.7089700073068 2640.213798518115 1764.1144644883495],[2267.4755859375 1575.205810546875 2454.59033203125 1661.720947265625],0.5980345010757446,AP05JEO,0.3437590844859579
147,8.0,[1068.2899059676752 1157.4785235549814 1584.4741029617926 1606.7895345929435],[1233.2216796875 1430.05322265625 1387.8988037109375 1506.1358642578125],0.5256757736206055,KM05ZZK,0.22441420956657268
148,1.0,[2045.948549296299 1264.0764186585557 2640.7766202804864 1769.3008538437448],[2274.809814453125 1574.0753173828125 2474.868896484375 1661.2020263671875],0.6054129004478455,AP05JEO,0.18668901783090117
148,8.0,[1063.101214781785 1160.2444374318532 1582.8294421271871 1611.000352339547],[1234.95458984375 1432.2410888671875 1385.5511474609375 1504.6776123046875],0.5096121430397034,KK05ZZK,0.3072939285917347
149,1.0,[2049.9194859737067 1268.4954137967015 2646.968957216514 1776.5866428325598],[2274.6953125 1585.3355712890625 2477.85595703125 1666.43994140625],0.577380359172821,AP05JEO,0.5189073808572103
150,8.0,[1060.6391140393257 1166.933479396379 1582.7659841215254 1621.1141009428866],[1230.1392822265625 1442.0928955078125 1390.3818359375 1511.1683349609375],0.5163863897323608,KH15ZZK,0.3328887976917493
150,1.0,[2054.0792775484097 1273.5406476946487 2655.793589776903 1785.0069143404362],[2285.41357421875 1601.5211181640625 2454.952392578125 1670.1029052734375],0.46739670634269714,AP05JEO,0.5304551867885797
151,1.0,[2055.9585564525387 1275.843794732561 2660.4094754495545 1789.7300799229383],[2271.162841796875 1594.682373046875 2475.1533203125 1679.156982421875],0.5526548624038696,AP05JEO,0.248166463471127
152,1.0,[2050.532764111968 1280.300787015498 2658.104396738851 1794.1546061421168],[2270.37744140625 1597.121337890625 2472.602783203125 1682.90771484375],0.5923231244087219,AP05JEO,0.5699883379196938
153,8.0,[1050.826609107 1176.259043503451 1579.3448250608549 1631.6778931616238],[1223.61083984375 1453.7625732421875 1388.816650390625 1521.0626220703125],0.5147107839584351,KH05ZZK,0.1746324646389374
153,1.0,[2045.3424277615875 1284.78702403846 2657.1099638099968 1800.5752059658885],[2282.726806640625 1605.407958984375 2470.310791015625 1682.621337890625],0.3916284739971161,AP05JEO,0.5561259607772592
154,1.0,[2045.0925366921267 1286.274529589144 2662.730428131192 1803.731588933481],[2282.185791015625 1608.353759765625 2461.365478515625 1684.61865234375],0.40343061089515686,AP05JEO,0.30268057065006154
155,1.0,[2047.3560260718805 1290.6686395103688 2670.844862001185 1809.327457542494],[2277.20654296875 1623.43505859375 2461.676513671875 1698.4423828125],0.48382750153541565,AP05JEO,0.36290727184079363
156,1.0,[2053.362511252271 1300.8115356742928 2673.314575367003 1820.067443988251],[2288.5341796875 1622.640380859375 2477.110107421875 1703.568603515625],0.5528539419174194,AP05JEO,0.41669928326711714
156,8.0,[1044.1265709028007 1183.0912213966785 1573.9496347160607 1644.8895314537758],[1227.708251953125 1463.21240234375 1383.6009521484375 1538.2200927734375],0.5375983715057373,KH05ZZK,0.15812587582278448
157,1.0,[2046.9271580713664 1302.550739088951 2668.560231282261 1823.0892365350342],[2284.31103515625 1623.4853515625 2485.8115234375 1705.176025390625],0.5771523118019104,AP05JEO,0.35191201805801514
158,1.0,[2047.184048867742 1306.4887194491403 2669.516130105085 1827.779410114134],[2287.12060546875 1630.1759033203125 2486.24853515625 1708.2725830078125],0.574883759021759,AP05JEQ,0.5804182869785456
158,8.0,[1034.7110506105755 1186.060608065386 1569.6525217931103 1652.89278127936],[1215.5333251953125 1477.9786376953125 1380.80322265625 1550.5631103515625],0.5139124989509583,KH05ZZK,0.7146659929742943
159,1.0,[2046.4274834155785 1310.9877956528771 2670.830166251001 1834.1112129542125],[2282.2802734375 1641.6552734375 2484.004638671875 1720.2313232421875],0.5899754166603088,AP05JEO,0.6267143455831602
159,8.0,[1035.4062269177145 1190.7249576902263 1570.3204867273837 1659.195125560616],[1212.99609375 1481.4559326171875 1380.4639892578125 1557.7713623046875],0.5650079846382141,KH05ZZK,0.5967949405378246
160,1.0,[2056.3975357443346 1314.8465757842841 2674.4170779157944 1838.4716903782992],[2295.31298828125 1641.7635498046875 2486.951171875 1722.9283447265625],0.6143625974655151,AP05JEO,0.24227224019507212
160,8.0,[1034.4776863532134 1194.0575683700124 1570.1492921249705 1664.0709114448366],[1214.3978271484375 1481.417724609375 1379.7919921875 1556.177490234375],0.5706087350845337,KH05ZTK,0.33894048767561374
161,1.0,[2055.262164686327 1319.6608021183197 2673.464846023532 1844.7398256862211],[2280.85986328125 1645.897705078125 2489.86962890625 1726.370361328125],0.5583222508430481,AP05JEO,0.4339538980914641
161,8.0,[1031.9118967268607 1199.850106837761 1568.9793679565103 1669.638218602835],[1212.11181640625 1488.3677978515625 1376.6309814453125 1558.7041015625],0.5434483885765076,KH05ZTV,0.2258009294124982
162,8.0,[1029.3807740626244 1201.0541375286998 1568.6532335085594 1672.837090723419],[1213.6614990234375 1494.6324462890625 1378.3736572265625 1566.3079833984375],0.5897911787033081,KH05ZTK,0.4695451811784649
162,1.0,[2051.931054594806 1325.098421322511 2674.598370962993 1853.3047676823985],[2300.08251953125 1649.477783203125 2484.159912109375 1730.819091796875],0.5380727648735046,AP05JEO,0.37119354945102473
163,8.0,[1024.9187881857847 1205.4145943768328 1568.057625988758 1676.5927731034456],[1214.66650390625 1498.4630126953125 1374.3260498046875 1564.3538818359375],0.5543676614761353,KH05ZTK,0.5937645069436179
163,1.0,[2055.1668732374615 1329.0024549379157 2678.6690760697425 1859.0216265702923],[2309.72265625 1660.836181640625 2481.526123046875 1736.0595703125],0.5092929601669312,AP05JEO,0.6853514834588126
164,1.0,[2060.7241062146604 1333.0149670546616 2683.0163462290957 1866.0054023652442],[2289.9814453125 1674.1817626953125 2485.89111328125 1749.7486572265625],0.5784105062484741,AP05JEO,0.32346307356189946
165,8.0,[1019.7808074381269 1218.8422834943526 1567.79445684571 1691.4709651849498],[1211.318603515625 1510.0330810546875 1370.7379150390625 1582.4813232421875],0.5511454343795776,KH05ZZK,0.5197778234556328
165,1.0,[2067.8726253585824 1338.0003866352977 2686.7573674304663 1874.8832608534117],[2286.585205078125 1678.2784423828125 2489.860107421875 1755.7943115234375],0.5310631394386292,AP05JEO,0.24664378524801736
166,1.0,[2066.1314953535857 1343.2371775622494 2684.278637958144 1881.647379639168],[2293.4306640625 1673.5067138671875 2494.568115234375 1757.7440185546875],0.5358542799949646,AP05JEO,0.3748208688524726
167,1.0,[2063.0581592475723 1349.3617302428581 2684.466291503129 1889.0980597533828],[2297.7802734375 1694.7412109375 2485.481689453125 1762.9827880859375],0.5232706069946289,AP05JEO,0.2873435744214072
170,8.0,[1008.2630653438795 1242.2297513585943 1563.3372176262892 1718.5613207324534],[1202.859619140625 1532.2130126953125 1365.7174072265625 1607.42724609375],0.5603968501091003,AN05ZZR,0.40249436307911834
170,1.0,[2079.935181193589 1360.4582348236272 2697.164063577207 1901.2683288989751],[2297.4501953125 1706.439697265625 2491.84716796875 1784.178955078125],0.4677738547325134,AP05JEO,0.29296555351955134
173,1.0,[2080.8618178822053 1379.092344935642 2703.9490268660375 1923.114059658671],[2312.691162109375 1723.6622314453125 2522.9482421875 1808.3477783203125],0.5472742319107056,AP05JED,0.1384253153446403
174,1.0,[2085.503631067945 1385.9880333486126 2708.227224528282 1930.7468629120322],[2304.652099609375 1735.651611328125 2510.787109375 1813.9412841796875],0.560419499874115,AP05JED,0.12427836054189155
175,1.0,[2083.6190753132064 1392.8185045591886 2708.3474956275636 1937.9022836872418],[2307.899658203125 1739.0152587890625 2519.319091796875 1820.279296875],0.5904133319854736,AP05JEQ,0.06739971202496596
176,1.0,[2077.5144476239 1399.1686471965686 2706.9734901617458 1945.303080576879],[2312.14599609375 1750.5589599609375 2522.575927734375 1817.3726806640625],0.4881111681461334,AP05JEO,0.32481702136307333
177,8.0,[997.5354258247596 1276.9432047448336 1557.2299036765164 1750.094194247934],[1183.1912841796875 1563.793212890625 1354.3282470703125 1643.029541015625],0.5722925066947937,KH05ZIK,0.7293905470399825
177,1.0,[2085.0778846656963 1406.6812212641094 2714.998015285312 1954.0365894312713],[2310.811767578125 1754.017578125 2514.64990234375 1835.4720458984375],0.514155387878418,AP05JEO,0.48061747145563294
178,8.0,[997.2309155295824 1279.3365509800478 1556.465873668274 1754.0623839411573],[1179.3187255859375 1574.0775146484375 1350.1107177734375 1648.5802001953125],0.5419207811355591,KH05ZIK,0.3059641221791329
178,1.0,[2087.7221035921707 1411.4462475251817 2721.3744388933605 1960.7132211667981],[2311.6455078125 1760.6451416015625 2523.233642578125 1838.4180908203125],0.53382408618927,AP05JEO,0.30579143975232
179,1.0,[2089.5580766227877 1416.142387634129 2728.3539287729272 1967.780857704701],[2313.450439453125 1764.838623046875 2531.06494140625 1851.43359375],0.6420320868492126,AP05JEO,0.3024849858010412
179,8.0,[993.4022582158406 1281.7184491445848 1553.7026786616434 1759.453729924395],[1177.874755859375 1580.4984130859375 1346.10986328125 1655.596923828125],0.5875198841094971,KN05ZZK,0.38614500857415585
180,8.0,[987.5294336406444 1285.0144677890876 1548.3527341793217 1767.8118317651174],[1172.17529296875 1588.475830078125 1351.7138671875 1656.52880859375],0.5717213153839111,KH05ZZN,0.2889498197408152
180,1.0,[2091.6249029028204 1421.543054248706 2732.2710411568432 1976.22011362778],[2326.619384765625 1777.5 2529.826904296875 1847.0830078125],0.480241060256958,AP05JED,0.23925113116098193
181,8.0,[985.6359209218065 1288.3662937810855 1546.9761889483354 1773.7221378906793],[1171.760009765625 1587.1627197265625 1350.69287109375 1662.4879150390625],0.616877019405365,KH05ZZK,0.1659618198592309
181,1.0,[2094.4613971032836 1426.6691765917712 2735.71406309425 1984.324325975222],[2326.151611328125 1777.025390625 2534.58349609375 1857.913330078125],0.5982139706611633,AP05JED,0.356773153341503
182,1.0,[2094.0139314904823 1429.2470037974067 2741.531646478604 1989.7838900596153],[2324.07958984375 1788.9100341796875 2532.102783203125 1860.9345703125],0.5975444912910461,AP05JED,0.25938518948744677
182,8.0,[984.313629380616 1295.8217925394038 1546.0477383031962 1782.5517032456496],[1168.87841796875 1597.1396484375 1346.5709228515625 1670.49462890625],0.5616446733474731,KK05ZZK,0.1797212113545625
183,8.0,[980.6803967959388 1301.9490823685876 1541.950308785904 1789.721316093511],[1172.8135986328125 1600.493408203125 1341.825439453125 1677.28857421875],0.5962972044944763,RH05ZZK,0.8731725263358918
183,1.0,[2090.060048077631 1433.9846143896125 2748.3318100361357 1995.9963059169263],[2322.61279296875 1796.94580078125 2522.719970703125 1871.876953125],0.5317931771278381,AP05JEO,0.4418553506519648
185,1.0,[2091.955868125854 1445.8044113492124 2758.915093164811 2009.7820017280578],[2328.05126953125 1812.834228515625 2541.11865234375 1891.352783203125],0.6253851652145386,AP05JEO,0.27679861897764735
186,8.0,[972.2132046519678 1312.4710345572992 1534.402207870597 1808.0278620908146],[1161.409423828125 1614.1019287109375 1340.4078369140625 1699.4539794921875],0.59698486328125,KH05ZZK,0.5218048263657232
186,1.0,[2092.36587215314 1452.8251842232528 2763.087821653524 2019.6676507645773],[2331.597900390625 1819.9449462890625 2534.553466796875 1892.5557861328125],0.5788573026657104,AP05JEO,0.16426630005730067
187,1.0,[2088.254410303579 1457.9483084456833 2762.2480150756473 2027.0565608776424],[2328.72314453125 1821.462646484375 2539.872314453125 1894.6546630859375],0.5739143490791321,AP05JEO,0.2628218896776341
188,1.0,[2092.557403439955 1466.2771679239681 2770.618476116447 2036.1548303628765],[2332.787109375 1834.9813232421875 2539.966796875 1911.90283203125],0.5415049195289612,AP05JEO,0.2605860783397338
189,8.0,[959.1585131339467 1328.5862312363295 1533.3377323474251 1830.2379673456896],[1157.4052734375 1640.4735107421875 1339.247314453125 1710.48095703125],0.5981922745704651,KH05ZZK,0.32068287200094
189,1.0,[2091.0995031692337 1474.7992584318438 2770.3093309134347 2045.6388873026178],[2342.815673828125 1834.56640625 2544.3017578125 1915.3536376953125],0.5761077404022217,AP05JEO,0.7247597615236782
190,8.0,[954.8614146718342 1333.8974957036412 1532.5683701804378 1836.756577424997],[1159.4405517578125 1638.984130859375 1338.692138671875 1716.472900390625],0.5898905992507935,KH05ZZK,0.24652751235032702
190,1.0,[2090.611168990373 1479.2190785324833 2774.3533176446026 2051.7369104885415],[2333.84716796875 1844.3939208984375 2536.66357421875 1920.22265625],0.5222535133361816,AP05JEO,0.43374582673023604
191,1.0,[2087.2142501148405 1487.6525376414443 2771.351687423716 2061.580057524501],[2338.998779296875 1850.8297119140625 2546.218505859375 1934.8428955078125],0.6325167417526245,AP05JEO,0.413714665907984
191,8.0,[951.9775564061451 1340.5885386967354 1532.2262874249827 1845.912202423707],[1155.774169921875 1646.9022216796875 1328.8780517578125 1725.8250732421875],0.6187825798988342,KH05ZZK,0.3762310725830202
192,1.0,[2087.7876822219514 1496.0388459027436 2774.566444858455 2071.4538095670305],[2341.88818359375 1861.9703369140625 2566.97900390625 1944.6787109375],0.6249051094055176,AP05JEO,0.25849642201132034
192,8.0,[945.4853632439717 1345.172071034604 1529.0275002345597 1850.719730099443],[1153.7039794921875 1652.1640625 1325.0965576171875 1730.468017578125],0.5980471968650818,KH05ZZK,0.24453884606316564
193,1.0,[2089.9414046801144 1501.6461306961671 2775.6835140638236 2078.403851213638],[2347.759033203125 1865.4471435546875 2569.720458984375 1948.95751953125],0.6027355194091797,AP05JEO,0.5896859300126753
194,8.0,[940.8507158923364 1352.9136160719622 1528.0102151042004 1860.5650408035976],[1134.275390625 1670.080078125 1324.75341796875 1741.634033203125],0.5593392252922058,KH05ZZK,0.3996903053032215
194,1.0,[2089.3048179629272 1506.1423745727402 2778.46201169007 2084.666901866851],[2349.172119140625 1879.7369384765625 2551.7958984375 1953.90234375],0.5181089043617249,AP05JEQ,0.5170321742141563
195,1.0,[2093.833131666189 1511.7585005133542 2784.610751145394 2091.8412056994903],[2354.066162109375 1887.09521484375 2569.27001953125 1961.1767578125],0.60927414894104,AP05JEO,0.41152814775239943
196,8.0,[937.0014202783389 1363.6869670352241 1524.8554506639955 1872.1481272383232],[1128.61376953125 1679.3375244140625 1319.419189453125 1752.1563720703125],0.5924420356750488,KH05ZZK,0.541404011939005
196,1.0,[2094.333917418936 1516.9425278502868 2784.4420981420353 2097.522149820027],[2350.629150390625 1887.5877685546875 2573.84716796875 1966.1136474609375],0.5799218416213989,AP05JEO,0.3464855114453479
197,8.0,[934.1604709533902 1370.0662186645357 1525.1335896100004 1881.5297741444263],[1123.8370361328125 1684.9541015625 1317.00048828125 1761.306884765625],0.6120033264160156,KH05ZIK,0.46888685533989943
197,1.0,[2096.623853244906 1521.9418688938008 2791.6284290535623 2104.911358163232],[2356.345703125 1896.5233154296875 2584.59326171875 1976.9681396484375],0.5510051250457764,AP05JEO,0.2170566456120814
198,1.0,[2098.029755967018 1529.7801007959629 2802.67582217374 2115.610381761445],[2354.197998046875 1905.3336181640625 2582.830810546875 1992.1929931640625],0.6242965459823608,AP05JEO,0.5316277433566403
198,8.0,[932.9768974005337 1375.255301535401 1526.1168753624174 1889.839806618013],[1122.9173583984375 1690.4000244140625 1311.8946533203125 1772.4510498046875],0.6067269444465637,KI05ZTK,0.24731674728927844
199,1.0,[2099.2706368723025 1535.506805564923 2809.0350528092627 2122.908815654375],[2354.619384765625 1908.1571044921875 2586.756591796875 1998.5108642578125],0.6424912810325623,AP05JEO,0.24673900334776097
199,8.0,[929.96583964518 1377.7200749307397 1525.3297304148573 1895.5337323133251],[1117.8651123046875 1693.8768310546875 1306.8092041015625 1777.4373779296875],0.6162388324737549,RM05ZZK,0.5346141073543416
200,1.0,[2101.951375904023 1541.3444042283654 2818.148981715928 2130.557628478121],[2365.01220703125 1920.2083740234375 2585.677001953125 2005.8980712890625],0.6027635335922241,AP05JEO,0.3190892079817518
200,8.0,[926.2910474894874 1384.1119866246436 1523.618721114643 1903.6571742762098],[1117.941650390625 1704.853271484375 1305.167236328125 1785.324462890625],0.5853954553604126,KN05ZZK,0.22480766978153183
201,1.0,[2101.17282836452 1547.8307656550403 2820.5920332134774 2137.67808598577],[2361.08203125 1927.4769287109375 2579.31298828125 2010.4134521484375],0.6242754459381104,AP05JEO,0.21328596515584763
201,8.0,[921.9517914110136 1392.481004416505 1522.524037755645 1913.9587319011582],[1118.2069091796875 1710.5855712890625 1295.7998046875 1791.4090576171875],0.5910556316375732,KA05ZZK,0.524212419825785
202,1.0,[2102.6495761197307 1552.3736496260417 2825.2657549978644 2142.1711362020383],[2359.597412109375 1931.631591796875 2580.482666015625 2018.794921875],0.6198013424873352,AP05JEQ,0.16736992170416723
202,8.0,[917.1545838637901 1397.47742589491 1519.963042369203 1919.4435312333217],[1106.9688720703125 1718.215576171875 1297.685791015625 1795.4564208984375],0.5557613968849182,KR05ZZK,0.19989528878463042
203,1.0,[2102.7274528845464 1559.914737313804 2830.7432418372373 2147.466797484722],[2371.90576171875 1943.5203857421875 2586.9931640625 2029.996337890625],0.6242964863777161,AP05JEQ,0.2722997717316923
203,8.0,[914.2884873941318 1403.1232166689158 1518.7630865854405 1926.110594528075],[1108.2454833984375 1725.4970703125 1298.379638671875 1801.1800537109375],0.5790785551071167,KH05ZZK,0.47382245261500244
204,8.0,[908.0531661463384 1409.4535824121285 1516.983177782607 1934.1227146883534],[1110.2095947265625 1733.76611328125 1293.7083740234375 1804.99560546875],0.5906103253364563,KH05ZZK,0.42259200353330495
205,8.0,[898.4171505062159 1413.2419688711514 1514.9510643973167 1939.5244862604188],[1110.8792724609375 1736.0848388671875 1293.2586669921875 1812.0399169921875],0.6164996027946472,KH05ZZK,0.3262224212593595
205,1.0,[2105.5898085613026 1570.4473898022663 2841.0940054737457 2153.4915315905073],[2378.505859375 1955.425048828125 2611.150634765625 2039.105712890625],0.6123591661453247,AP05JEO,0.17930951053494312
206,8.0,[888.2760239811886 1417.4287836513772 1512.8267821085483 1944.353044194395],[1105.6702880859375 1739.4757080078125 1289.2255859375 1815.9771728515625],0.6217185854911804,KH05ZZK,0.673950845961883
206,1.0,[2103.6665873899983 1578.3101535306491 2843.711573713841 2156.5879935688836],[2379.291259765625 1968.0897216796875 2600.67236328125 2056.30517578125],0.6114335656166077,AP05JEO,0.25880690067200707
207,1.0,[2103.4438863225314 1585.39660781236 2849.5749775739478 2157.7835164736007],[2384.122802734375 1978.450927734375 2618.553955078125 2059.541748046875],0.6179203987121582,AP05JEO,0.3641417488667316
208,8.0,[874.143996483283 1425.2885024543084 1509.0282133046808 1957.0486771991477],[1100.0123291015625 1749.7340087890625 1281.3665771484375 1830.283935546875],0.6043015122413635,KH05ZZK,0.5535932788693604
208,1.0,[2101.430777822907 1591.5953755913845 2852.4932427762437 2158.15967240961],[2382.4169921875 1985.90673828125 2599.097412109375 2067.04296875],0.5655023455619812,AP05JEQ,0.3920659771571873
209,8.0,[876.2799576704483 1430.5579230542282 1510.1938943501568 1965.1154618695766],[1083.8604736328125 1766.2559814453125 1278.0343017578125 1840.42578125],0.5901671648025513,KH05ZZK,0.45709609609856305
209,1.0,[2110.1741177884087 1595.8401631397833 2860.305891831871 2156.1194797653443],[2372.079345703125 1996.973876953125 2611.024658203125 2079.62109375],0.577314019203186,AP05JEQ,0.2684427368309179
210,1.0,[2109.4821887883422 1601.4093068443126 2862.20996862084 2154.3716106334746],[2384.53076171875 2005.5853271484375 2610.9208984375 2085.70703125],0.6556293964385986,AP05JEO,0.29988275772924333
211,1.0,[2110.598091467129 1607.8403185623963 2865.1793337075296 2151.5022770269998],[2381.56591796875 2011.7398681640625 2614.4599609375 2106.18115234375],0.32180988788604736,AP05JEO,0.4718082553657441
212,1.0,[2109.012012362848 1612.9155001346153 2862.9223306515046 2154.0489053826464],[2392.3525390625 2015.2880859375 2629.89404296875 2106.5947265625],0.32691848278045654,AP05JEO,0.4251155988712429
213,1.0,[2113.494417437856 1621.3352499703572 2869.1552297879216 2156.3470958482994],[2400.08251953125 2034.1029052734375 2625.461181640625 2118.64697265625],0.6047775745391846,AP05JEO,0.4271331856387039
214,1.0,[2115.831597499051 1627.9678675183604 2869.4472462182994 2157.9325231578036],[2399.90478515625 2036.8447265625 2631.090087890625 2118.83642578125],0.5958801507949829,AP05JEO,0.25144107295883794
215,1.0,[2112.3163869281675 1635.0716384082411 2865.8862079868527 2159.5861712057153],[2395.286376953125 2049.6142578125 2642.575927734375 2132.933837890625],0.5570383071899414,AP05JEO,0.35241427070060216
